n,pearson_r,pearson_p,spearman_rho,spearman_p,kendall_tau,kendall_p,dCor,dCor_p,MI,element,index,date
97,-0.172000,0.092100,-0.233300,0.021500,-0.149800,0.030100,0.266100,0.002800,0.033423,N_%,NDVI,date2
97,-0.198300,0.051500,-0.280000,0.005500,-0.186800,0.006800,0.301800,0.000000,0.070033,N_%,NDRE,date2
97,-0.195900,0.054500,-0.269300,0.007700,-0.176000,0.010800,0.290100,0.000200,0.045878,N_%,GNDVI,date2
97,-0.158900,0.120000,-0.280000,0.005500,-0.186800,0.006800,0.306500,0.000000,0.078805,N_%,CIre,date2
97,-0.147200,0.150200,-0.269300,0.007700,-0.176000,0.010800,0.300000,0.000100,0.088784,N_%,CIgreen,date2
97,-0.172000,0.092100,-0.233300,0.021500,-0.149800,0.030100,0.266100,0.002800,0.033423,N_%,OSAVI,date2
97,-0.109800,0.284200,-0.175000,0.086400,-0.111500,0.106400,0.244900,0.019600,0.050036,N_%,EVI,date2
97,-0.166900,0.102300,-0.233300,0.021500,-0.149800,0.030100,0.269900,0.001800,0.056866,N_%,EVI2,date2
97,-0.084800,0.408700,-0.054600,0.595400,-0.031400,0.649100,0.182100,0.652600,0.015636,N_%,CCCI,date2
97,-0.157700,0.122900,-0.223700,0.027600,-0.158400,0.021800,0.260200,0.042100,0.017067,N_%,MTCI,date2
97,-0.200200,0.049200,-0.223700,0.027600,-0.158400,0.021800,0.261000,0.027200,0.029970,N_%,Datt,date2
97,-0.172000,0.092100,-0.233300,0.021500,-0.149800,0.030100,0.266100,0.002800,0.033423,N_%,SAVI,date2
97,-0.156000,0.127100,-0.233300,0.021500,-0.149800,0.030100,0.273600,0.001200,0.059397,N_%,WDRVI,date2
97,0.124100,0.225900,0.181700,0.074900,0.116200,0.092300,0.231100,0.066400,0.067529,N_%,SIPI,date2
97,0.132100,0.197000,0.192500,0.058900,0.120500,0.080900,0.234800,0.045300,0.009812,N_%,PSRI,date2
97,-0.287300,0.004300,-0.336100,0.000800,-0.226400,0.001000,0.338600,0.000000,0.100501,N_%,ARI,date2
97,0.057100,0.578400,0.018700,0.856100,0.013800,0.841900,0.142600,0.859600,0.000000,N_%,TCARI,date2
97,-0.010600,0.918200,-0.105900,0.302000,-0.060700,0.379400,0.189100,0.426200,0.024686,N_%,MCARI,date2
97,0.265100,0.008700,0.349500,0.000400,0.245800,0.000400,0.350500,0.000000,0.079569,N_%,TCARI_OSAVI,date2
97,0.041800,0.684600,-0.044800,0.662800,-0.022800,0.741100,0.165300,0.701000,0.000000,N_%,MCARI_OSAVI,date2
97,-0.057700,0.574400,-0.233300,0.021500,-0.149800,0.030100,0.282900,0.000700,0.043209,N_%,SR,date2
97,0.007900,0.938800,-0.094800,0.355400,-0.057200,0.407000,0.198300,0.396100,0.003139,N_%,DVI,date2
97,-0.067200,0.513400,-0.145600,0.154700,-0.090400,0.190500,0.214100,0.173100,0.039118,N_%,RDVI,date2
97,-0.135200,0.186700,-0.193600,0.057400,-0.121800,0.077700,0.247900,0.015800,0.006045,N_%,RENDVI,date2
97,-0.193200,0.057900,-0.269900,0.007500,-0.178600,0.009700,0.293500,0.000100,0.078186,N_%,LCI,date2
97,-0.148800,0.145900,-0.139000,0.174500,-0.101600,0.141200,0.223100,0.084900,0.074672,N_%,CVI,date2
97,-0.080900,0.431100,0.040600,0.693300,0.018100,0.793500,0.232600,0.084800,0.102060,N_%,NPCI,date2
97,-0.116300,0.256800,-0.194900,0.055800,-0.122200,0.076700,0.244600,0.022300,0.026698,N_%,NGRDI,date2
97,-0.027700,0.787600,-0.067300,0.512700,-0.038300,0.579000,0.150000,0.748600,0.000000,N_%,TGI,date2
97,-0.150900,0.140200,-0.220700,0.029800,-0.140300,0.042100,0.258100,0.006700,0.064660,N_%,ARVI,date2
97,-0.219900,0.030400,-0.281600,0.005200,-0.186800,0.006800,0.290000,0.000100,0.030572,N_%,BNDVI,date2
97,-0.178500,0.080300,-0.246900,0.014800,-0.159200,0.021100,0.279100,0.000700,0.034219,N_%,GRNDVI,date2
97,-0.120200,0.240900,-0.233300,0.021500,-0.149800,0.030100,0.277400,0.001000,0.061688,N_%,MSR,date2
97,-0.074400,0.468900,-0.152300,0.136500,-0.092500,0.180200,0.200400,0.254300,0.019006,N_%,NLI,date2
97,-0.019600,0.848700,-0.120700,0.239000,-0.074900,0.278100,0.210400,0.243300,0.040012,N_%,NIRv,date2
97,-0.173900,0.088500,-0.233300,0.021500,-0.149800,0.030100,0.261300,0.004900,0.013120,N_%,MSAVI2,date2
97,-0.110100,0.283100,-0.194500,0.056200,-0.120100,0.082000,0.242400,0.026800,0.038340,N_%,VARI,date2
97,-0.155300,0.128800,-0.213600,0.035700,-0.136900,0.047400,0.256300,0.007300,0.009032,N_%,GLI,date2
97,-0.158900,0.120000,-0.280000,0.005500,-0.186800,0.006800,0.306500,0.000000,0.078805,N_%,SRre,date2
97,-0.013400,0.896500,-0.131600,0.199000,-0.079600,0.248800,0.237700,0.076900,0.056107,N_%,RTVIcore,date2
97,-0.297000,0.003100,-0.340300,0.000600,-0.231100,0.000800,0.345900,0.000000,0.089252,N_%,CRI700,date2
97,0.230300,0.023300,0.269100,0.007700,0.170400,0.013600,0.283400,0.000200,0.059598,N_%,BGI,date2
97,0.129100,0.207500,0.194900,0.055800,0.122200,0.076700,0.241400,0.027500,0.029456,N_%,RGRI,date2
97,0.086900,0.397400,-0.040600,0.693300,-0.018100,0.793500,0.233500,0.088700,0.083368,N_%,SRPI,date2
97,0.054900,0.592900,0.036100,0.725400,0.031400,0.655200,0.196700,0.331400,0.000000,P_%,NDVI,date2
97,-0.034800,0.735000,-0.066100,0.519800,-0.047200,0.502000,0.231600,0.171800,0.059500,P_%,NDRE,date2
97,0.007100,0.944700,-0.034600,0.736400,-0.023100,0.743000,0.226500,0.140500,0.017747,P_%,GNDVI,date2
97,-0.011000,0.914700,-0.066100,0.519800,-0.047200,0.502000,0.243400,0.159000,0.048038,P_%,CIre,date2
97,0.039400,0.702000,-0.034600,0.736400,-0.023100,0.743000,0.242600,0.109700,0.035029,P_%,CIgreen,date2
97,0.055000,0.592900,0.036100,0.725400,0.031400,0.655200,0.196700,0.331300,0.000000,P_%,OSAVI,date2
97,0.068400,0.505400,0.046300,0.652600,0.032300,0.646200,0.181400,0.475800,0.000000,P_%,EVI,date2
97,0.052600,0.608800,0.036100,0.725400,0.031400,0.655200,0.197300,0.347100,0.013727,P_%,EVI2,date2
97,-0.332100,0.000900,-0.379400,0.000100,-0.266400,0.000200,0.376400,0.000000,0.115828,P_%,CCCI,date2
97,-0.241100,0.017400,-0.388200,0.000100,-0.275600,0.000100,0.401800,0.000000,0.076089,P_%,MTCI,date2
97,-0.309400,0.002000,-0.388200,0.000100,-0.275600,0.000100,0.403200,0.000000,0.069791,P_%,Datt,date2
97,0.055000,0.592800,0.036100,0.725400,0.031400,0.655200,0.196700,0.331300,0.000000,P_%,SAVI,date2
97,0.056600,0.581700,0.036100,0.725400,0.031400,0.655200,0.199500,0.358700,0.014293,P_%,WDRVI,date2
97,-0.098600,0.336400,-0.048500,0.636900,-0.033200,0.637300,0.196000,0.287100,0.008050,P_%,SIPI,date2
97,-0.103200,0.314600,-0.085600,0.404700,-0.063900,0.363500,0.193000,0.346700,0.000000,P_%,PSRI,date2
97,-0.220200,0.030200,-0.133800,0.191200,-0.096900,0.168500,0.243800,0.203700,0.000000,P_%,ARI,date2
97,0.275400,0.006300,0.278200,0.005800,0.197900,0.004900,0.287300,0.000300,0.058692,P_%,TCARI,date2
97,0.237800,0.019000,0.192100,0.059500,0.138600,0.048800,0.229600,0.125600,0.072978,P_%,MCARI,date2
97,0.247600,0.014500,0.329900,0.001000,0.234300,0.000900,0.325900,0.000000,0.040761,P_%,TCARI_OSAVI,date2
97,0.303500,0.002500,0.260800,0.009900,0.188200,0.007400,0.270400,0.006000,0.077213,P_%,MCARI_OSAVI,date2
97,0.129900,0.204900,0.036100,0.725400,0.031400,0.655200,0.221200,0.364300,0.034340,P_%,SR,date2
97,0.243400,0.016300,0.167800,0.100300,0.128500,0.067700,0.248500,0.049300,0.117994,P_%,DVI,date2
97,0.175300,0.085900,0.130500,0.202800,0.099900,0.155400,0.224900,0.121600,0.073361,P_%,RDVI,date2
97,0.106700,0.298500,0.091600,0.372200,0.072700,0.301300,0.195100,0.344400,0.000000,P_%,RENDVI,date2
97,-0.010500,0.918900,-0.033600,0.744100,-0.022200,0.752500,0.219400,0.224900,0.064776,P_%,LCI,date2
97,-0.275300,0.006300,-0.298600,0.003000,-0.207500,0.003200,0.323500,0.000000,0.063239,P_%,CVI,date2
97,-0.142000,0.165300,-0.059200,0.564900,-0.049000,0.486200,0.196300,0.487100,0.000000,P_%,NPCI,date2
97,0.111000,0.279200,0.086200,0.400900,0.067900,0.334600,0.190400,0.419800,0.014253,P_%,NGRDI,date2
97,0.268400,0.007900,0.257100,0.011000,0.185100,0.008500,0.275400,0.000800,0.065083,P_%,TGI,date2
97,0.060200,0.557700,0.038300,0.709300,0.034000,0.628400,0.191100,0.394100,0.000008,P_%,ARVI,date2
97,0.038300,0.709400,0.005700,0.955700,0.011200,0.873500,0.208500,0.216000,0.010875,P_%,BNDVI,date2
97,0.036800,0.720400,0.010600,0.918200,0.013400,0.848900,0.208300,0.263500,0.009521,P_%,GRNDVI,date2
97,0.088000,0.391500,0.036100,0.725400,0.031400,0.655200,0.207900,0.357500,0.017401,P_%,MSR,date2
97,0.133600,0.191900,0.123600,0.227600,0.095500,0.174300,0.227000,0.068000,0.067295,P_%,NLI,date2
97,0.215200,0.034300,0.153600,0.133100,0.117900,0.093600,0.235900,0.099800,0.117873,P_%,NIRv,date2
97,0.062900,0.540500,0.036100,0.725400,0.031400,0.655200,0.197400,0.306600,0.000000,P_%,MSAVI2,date2
97,0.113000,0.270600,0.086800,0.397700,0.066500,0.344100,0.189800,0.428900,0.015657,P_%,VARI,date2
97,0.100900,0.325400,0.090100,0.380100,0.070100,0.319200,0.197000,0.325400,0.016957,P_%,GLI,date2
97,-0.011000,0.914700,-0.066100,0.519800,-0.047200,0.502000,0.243400,0.159000,0.048038,P_%,SRre,date2
97,0.188600,0.064300,0.104000,0.310700,0.074900,0.287000,0.232000,0.189600,0.095932,P_%,RTVIcore,date2
97,-0.158100,0.121900,-0.074600,0.467600,-0.054200,0.440500,0.221200,0.392100,0.010072,P_%,CRI700,date2
97,-0.081000,0.430600,-0.074300,0.469300,-0.060000,0.393900,0.201900,0.241900,0.048203,P_%,BGI,date2
97,-0.106900,0.297200,-0.086200,0.400900,-0.067900,0.334600,0.193100,0.357400,0.006093,P_%,RGRI,date2
97,0.156200,0.126500,0.059200,0.564900,0.049000,0.486200,0.200500,0.508900,0.000000,P_%,SRPI,date2
97,-0.000700,0.994600,-0.026200,0.799000,-0.016800,0.807900,0.197500,0.304000,0.037624,K_%,NDVI,date2
97,-0.055000,0.592700,-0.117600,0.251300,-0.080600,0.243700,0.243700,0.073000,0.024344,K_%,NDRE,date2
97,-0.040000,0.697400,-0.097300,0.343000,-0.067700,0.327700,0.238400,0.065500,0.053495,K_%,GNDVI,date2
97,-0.020900,0.839300,-0.117600,0.251300,-0.080600,0.243700,0.256700,0.057000,0.028715,K_%,CIre,date2
97,-0.000000,0.999900,-0.097300,0.343000,-0.067700,0.327700,0.257900,0.036700,0.061492,K_%,CIgreen,date2
97,-0.000700,0.994600,-0.026200,0.799000,-0.016800,0.807900,0.197500,0.304000,0.038417,K_%,OSAVI,date2
97,0.038400,0.708700,0.011600,0.910000,0.002200,0.975100,0.181900,0.449000,0.084708,K_%,EVI,date2
97,-0.003400,0.973700,-0.026200,0.799000,-0.016800,0.807900,0.200000,0.304400,0.056316,K_%,EVI2,date2
97,-0.228400,0.024500,-0.331400,0.000900,-0.221500,0.001400,0.337500,0.000000,0.096573,K_%,CCCI,date2
97,-0.166300,0.103500,-0.393800,0.000100,-0.270600,0.000100,0.386600,0.000000,0.064960,K_%,MTCI,date2
97,-0.240800,0.017500,-0.393800,0.000100,-0.270600,0.000100,0.386800,0.000000,0.039366,K_%,Datt,date2
97,-0.000700,0.994600,-0.026200,0.799000,-0.016800,0.807900,0.197500,0.304000,0.038417,K_%,SAVI,date2
97,0.001000,0.992400,-0.026200,0.799000,-0.016800,0.807900,0.203900,0.301800,0.038081,K_%,WDRVI,date2
97,-0.065900,0.521400,-0.009200,0.928800,-0.001700,0.980100,0.188500,0.329000,0.034225,K_%,SIPI,date2
97,-0.049900,0.627400,-0.026500,0.796700,-0.021500,0.755300,0.186900,0.377200,0.044316,K_%,PSRI,date2
97,-0.174400,0.087600,-0.152900,0.134800,-0.103900,0.133000,0.232500,0.140700,0.035021,K_%,ARI,date2
97,0.170800,0.094400,0.223100,0.028100,0.146500,0.034000,0.255200,0.008300,0.073230,K_%,TCARI,date2
97,0.145500,0.154900,0.103400,0.313600,0.076300,0.269800,0.198700,0.432400,0.011434,K_%,MCARI,date2
97,0.201200,0.048100,0.303400,0.002500,0.213700,0.002000,0.306600,0.000100,0.050604,K_%,TCARI_OSAVI,date2
97,0.195400,0.055200,0.166500,0.103200,0.118100,0.087600,0.223800,0.178500,0.071589,K_%,MCARI_OSAVI,date2
97,0.088900,0.386700,-0.026200,0.799000,-0.016800,0.807900,0.228900,0.294800,0.038174,K_%,SR,date2
97,0.150700,0.140700,0.077400,0.451200,0.056900,0.410500,0.223200,0.211400,0.062206,K_%,DVI,date2
97,0.090200,0.379600,0.044600,0.664100,0.032800,0.635600,0.207500,0.269500,0.000000,K_%,RDVI,date2
97,0.036600,0.722000,0.025400,0.805000,0.022000,0.750500,0.185900,0.427300,0.042167,K_%,RENDVI,date2
97,-0.043400,0.672600,-0.089700,0.382000,-0.063800,0.356200,0.228300,0.133300,0.031068,K_%,LCI,date2
97,-0.224600,0.027000,-0.265000,0.008700,-0.176300,0.010800,0.295800,0.000000,0.043310,K_%,CVI,date2
97,-0.164200,0.108000,-0.078600,0.444400,-0.050900,0.461900,0.198900,0.465000,0.003060,K_%,NPCI,date2
97,0.050000,0.626600,0.027300,0.790300,0.022400,0.745800,0.185500,0.456500,0.012598,K_%,NGRDI,date2
97,0.156000,0.127000,0.162700,0.111200,0.116400,0.092300,0.220900,0.090900,0.110547,K_%,TGI,date2
97,0.012100,0.906400,-0.017500,0.864600,-0.012500,0.856500,0.190600,0.377800,0.025431,K_%,ARVI,date2
97,-0.034400,0.738100,-0.066400,0.518400,-0.043100,0.533000,0.219900,0.122000,0.120207,K_%,BNDVI,date2
97,-0.015500,0.879900,-0.050000,0.626500,-0.036200,0.600500,0.215400,0.187400,0.085447,K_%,GRNDVI,date2
97,0.036700,0.720900,-0.026200,0.799000,-0.016800,0.807900,0.213300,0.297900,0.030799,K_%,MSR,date2
97,0.057800,0.574100,0.034400,0.738000,0.026300,0.703700,0.205700,0.195000,0.000000,K_%,NLI,date2
97,0.128800,0.208500,0.061600,0.549000,0.044400,0.520800,0.216800,0.263600,0.018858,K_%,NIRv,date2
97,0.008400,0.934900,-0.026200,0.799000,-0.016800,0.807900,0.196100,0.297900,0.033462,K_%,MSAVI2,date2
97,0.057300,0.577300,0.028600,0.781000,0.022800,0.741100,0.185700,0.455900,0.014025,K_%,VARI,date2
97,0.023600,0.818200,0.023100,0.822400,0.020300,0.769500,0.191100,0.372600,0.077236,K_%,GLI,date2
97,-0.020900,0.839300,-0.117600,0.251300,-0.080600,0.243700,0.256700,0.057000,0.028715,K_%,SRre,date2
97,0.118800,0.246500,0.016000,0.876600,0.008600,0.900800,0.226000,0.277700,0.062492,K_%,RTVIcore,date2
97,-0.157100,0.124200,-0.116500,0.255600,-0.079700,0.248800,0.223800,0.194400,0.050700,K_%,CRI700,date2
97,0.024900,0.809000,0.018900,0.854600,0.003400,0.960200,0.208200,0.183600,0.168589,K_%,BGI,date2
97,-0.047000,0.647600,-0.027300,0.790300,-0.022400,0.745800,0.186300,0.405300,0.001671,K_%,RGRI,date2
97,0.177700,0.081600,0.078600,0.444400,0.050900,0.461900,0.203400,0.491300,0.003928,K_%,SRPI,date2
97,0.120800,0.238600,0.109300,0.286600,0.074800,0.288200,0.166100,0.583600,0.014539,Ca_%,NDVI,date2
97,0.109700,0.284700,0.077000,0.453600,0.053200,0.449600,0.147700,0.847500,0.028088,Ca_%,NDRE,date2
97,0.101400,0.323100,0.066900,0.514900,0.042700,0.544500,0.147800,0.797100,0.032753,Ca_%,GNDVI,date2
97,0.133200,0.193200,0.077000,0.453600,0.053200,0.449600,0.156200,0.860100,0.028698,Ca_%,CIre,date2
97,0.130100,0.204000,0.066900,0.514900,0.042700,0.544500,0.155500,0.835500,0.051809,Ca_%,CIgreen,date2
97,0.120800,0.238600,0.109300,0.286600,0.074800,0.288200,0.166100,0.583700,0.014539,Ca_%,OSAVI,date2
97,0.170800,0.094400,0.146700,0.151700,0.101600,0.148900,0.178700,0.443900,0.000000,Ca_%,EVI,date2
97,0.129600,0.205900,0.109300,0.286600,0.074800,0.288200,0.164300,0.616700,0.027770,Ca_%,EVI2,date2
97,-0.059900,0.560300,-0.121000,0.237700,-0.079200,0.260700,0.169600,0.644900,0.078990,Ca_%,CCCI,date2
97,0.036500,0.723000,-0.058500,0.569400,-0.042200,0.548600,0.157400,0.906400,0.000000,Ca_%,MTCI,date2
97,0.005400,0.958500,-0.058500,0.569400,-0.042200,0.548600,0.151200,0.889700,0.000000,Ca_%,Datt,date2
97,0.120800,0.238600,0.109300,0.286600,0.074800,0.288200,0.166100,0.583700,0.014539,Ca_%,SAVI,date2
97,0.140300,0.170600,0.109300,0.286600,0.074800,0.288200,0.163900,0.648200,0.045822,Ca_%,WDRVI,date2
97,-0.109200,0.286800,-0.139800,0.172100,-0.097700,0.165400,0.185200,0.362100,0.000000,Ca_%,SIPI,date2
97,-0.145800,0.154100,-0.125600,0.220100,-0.085800,0.223100,0.180500,0.416200,0.000000,Ca_%,PSRI,date2
97,0.020700,0.840800,0.100000,0.329700,0.069500,0.323600,0.154900,0.777200,0.000000,Ca_%,ARI,date2
97,0.027000,0.793300,0.050800,0.621500,0.036500,0.604000,0.175600,0.495500,0.077384,Ca_%,TCARI,date2
97,0.176900,0.083100,0.106800,0.298000,0.066400,0.345400,0.172400,0.645700,0.001706,Ca_%,MCARI,date2
97,-0.089900,0.381200,-0.070400,0.492900,-0.054100,0.442200,0.160000,0.822500,0.000000,Ca_%,TCARI_OSAVI,date2
97,0.167600,0.100900,0.120400,0.240300,0.081800,0.245200,0.175600,0.622400,0.000000,Ca_%,MCARI_OSAVI,date2
97,0.194800,0.055900,0.109300,0.286600,0.074800,0.288200,0.181000,0.709900,0.013656,Ca_%,SR,date2
97,0.142900,0.162500,0.084100,0.412900,0.052300,0.457200,0.169900,0.710100,0.000000,Ca_%,DVI,date2
97,0.136800,0.181500,0.089600,0.382600,0.057200,0.416700,0.174900,0.573000,0.000000,Ca_%,RDVI,date2
97,0.145300,0.155600,0.119300,0.244300,0.079600,0.258100,0.174000,0.510000,0.005851,Ca_%,RENDVI,date2
97,0.115700,0.259000,0.094600,0.356800,0.068600,0.329700,0.150700,0.791800,0.039464,Ca_%,LCI,date2
97,-0.197900,0.052000,-0.223200,0.028000,-0.152200,0.030600,0.236600,0.033700,0.059766,Ca_%,CVI,date2
97,-0.277700,0.005900,-0.205900,0.043000,-0.141200,0.044900,0.226800,0.122900,0.000000,Ca_%,NPCI,date2
97,0.166100,0.104000,0.122300,0.232900,0.082700,0.240100,0.175900,0.511200,0.000000,Ca_%,NGRDI,date2
97,0.107900,0.292800,0.104600,0.308000,0.066000,0.348700,0.171500,0.500100,0.009517,Ca_%,TGI,date2
97,0.138300,0.176700,0.118800,0.246600,0.082700,0.240100,0.170700,0.542400,0.007498,Ca_%,ARVI,date2
97,0.080200,0.434700,0.068600,0.504500,0.041800,0.552800,0.150700,0.715500,0.007097,Ca_%,BNDVI,date2
97,0.118900,0.246000,0.100100,0.329100,0.066400,0.345400,0.159700,0.679900,0.038061,Ca_%,GRNDVI,date2
97,0.164600,0.107200,0.109300,0.286600,0.074800,0.288200,0.170700,0.666800,0.041396,Ca_%,MSR,date2
97,0.069900,0.496300,0.093500,0.362200,0.063300,0.368300,0.169500,0.558800,0.000000,Ca_%,NLI,date2
97,0.153700,0.132800,0.090200,0.379400,0.058500,0.406000,0.171400,0.683100,0.000000,Ca_%,NIRv,date2
97,0.110200,0.282700,0.109300,0.286600,0.074800,0.288200,0.169200,0.543300,0.005347,Ca_%,MSAVI2,date2
97,0.171300,0.093400,0.118700,0.246900,0.080500,0.252900,0.178900,0.479800,0.005291,Ca_%,VARI,date2
97,0.134500,0.189100,0.106400,0.299700,0.069900,0.320500,0.170100,0.547300,0.052785,Ca_%,GLI,date2
97,0.133200,0.193200,0.077000,0.453600,0.053200,0.449600,0.156200,0.860100,0.028698,Ca_%,SRre,date2
97,0.154200,0.131600,0.072400,0.481300,0.053200,0.449600,0.167700,0.808600,0.000000,Ca_%,RTVIcore,date2
97,0.027300,0.790500,0.091400,0.373000,0.064700,0.358400,0.149500,0.789700,0.049847,Ca_%,CRI700,date2
97,-0.064300,0.531400,-0.061200,0.551300,-0.040000,0.569600,0.149000,0.699500,0.012329,Ca_%,BGI,date2
97,-0.150100,0.142300,-0.122300,0.232900,-0.082700,0.240100,0.177000,0.467300,0.000000,Ca_%,RGRI,date2
97,0.283000,0.005000,0.205900,0.043000,0.141200,0.044900,0.229800,0.131100,0.000000,Ca_%,SRPI,date2
97,-0.044900,0.662400,-0.019100,0.852900,-0.011000,0.873700,0.156200,0.709500,0.000000,Mg_%,NDVI,date2
97,0.036900,0.719700,0.019400,0.850300,0.014900,0.829700,0.161700,0.725300,0.000000,Mg_%,NDRE,date2
97,-0.000600,0.995000,-0.002700,0.979300,0.001100,0.987600,0.154200,0.750000,0.000000,Mg_%,GNDVI,date2
97,0.063200,0.538500,0.019400,0.850300,0.014900,0.829700,0.166800,0.695400,0.000000,Mg_%,CIre,date2
97,0.044500,0.664900,-0.002700,0.979300,0.001100,0.987600,0.159900,0.722400,0.000000,Mg_%,CIgreen,date2
97,-0.044900,0.662400,-0.019100,0.852900,-0.011000,0.873700,0.156200,0.709500,0.000000,Mg_%,OSAVI,date2
97,-0.011300,0.912600,0.029300,0.776100,0.016600,0.810300,0.147000,0.742800,0.000000,Mg_%,EVI,date2
97,-0.023600,0.818900,-0.019100,0.852900,-0.011000,0.873700,0.152500,0.730700,0.000000,Mg_%,EVI2,date2
97,0.300500,0.002800,0.222200,0.028700,0.147700,0.032700,0.305500,0.000000,0.000000,Mg_%,CCCI,date2
97,0.246100,0.015100,0.240300,0.017800,0.162000,0.019200,0.302600,0.000000,0.001442,Mg_%,MTCI,date2
97,0.269200,0.007700,0.240300,0.017800,0.162000,0.019200,0.300800,0.000000,0.017230,Mg_%,Datt,date2
97,-0.044900,0.662400,-0.019100,0.852900,-0.011000,0.873700,0.156200,0.709600,0.000000,Mg_%,SAVI,date2
97,-0.001300,0.989800,-0.019100,0.852900,-0.011000,0.873700,0.150400,0.746500,0.000000,Mg_%,WDRVI,date2
97,0.096700,0.345900,-0.019400,0.850500,-0.011000,0.873700,0.173800,0.614700,0.000000,Mg_%,SIPI,date2
97,0.079200,0.440500,0.025000,0.807600,0.017000,0.805500,0.171700,0.583500,0.000000,Mg_%,PSRI,date2
97,0.045900,0.655100,0.013600,0.894600,0.009300,0.893400,0.175600,0.571600,0.000000,Mg_%,ARI,date2
97,-0.232900,0.021700,-0.199100,0.050600,-0.133100,0.054400,0.228800,0.069800,0.000000,Mg_%,TCARI,date2
97,-0.024900,0.808700,-0.080700,0.432000,-0.055400,0.423000,0.134600,0.833800,0.000000,Mg_%,MCARI,date2
97,-0.162800,0.111200,-0.161200,0.114600,-0.109400,0.114000,0.183200,0.463700,0.000000,Mg_%,TCARI_OSAVI,date2
97,-0.062300,0.544400,-0.102200,0.319300,-0.064900,0.348100,0.151900,0.741700,0.000000,Mg_%,MCARI_OSAVI,date2
97,0.060900,0.553100,-0.019100,0.852900,-0.011000,0.873700,0.154900,0.766300,0.000000,Mg_%,SR,date2
97,-0.049000,0.633600,-0.074000,0.471400,-0.045900,0.506700,0.140700,0.819400,0.000000,Mg_%,DVI,date2
97,-0.050900,0.620400,-0.058300,0.570300,-0.037700,0.585400,0.139300,0.814900,0.000000,Mg_%,RDVI,date2
97,-0.045900,0.655600,-0.028500,0.781500,-0.019600,0.776700,0.157700,0.690400,0.000000,Mg_%,RENDVI,date2
97,0.017800,0.862200,0.008600,0.933600,0.003200,0.962700,0.154300,0.753700,0.000000,Mg_%,LCI,date2
97,0.091300,0.373800,0.021300,0.835600,0.017900,0.795800,0.140800,0.798500,0.000000,Mg_%,CVI,date2
97,-0.099800,0.330600,-0.112700,0.271600,-0.076600,0.268400,0.162000,0.638900,0.000000,Mg_%,NPCI,date2
97,-0.028000,0.785600,-0.022300,0.828300,-0.017000,0.805500,0.159400,0.682200,0.000000,Mg_%,NGRDI,date2
97,-0.174200,0.087900,-0.130800,0.201700,-0.086900,0.209000,0.180900,0.470400,0.026891,Mg_%,TGI,date2
97,-0.029200,0.776800,-0.005400,0.957800,-0.005800,0.932900,0.154900,0.714400,0.001049,Mg_%,ARVI,date2
97,-0.074700,0.467000,-0.052000,0.613000,-0.030800,0.655800,0.164200,0.652000,0.000000,Mg_%,BNDVI,date2
97,-0.016700,0.870900,-0.012900,0.900100,-0.004100,0.952800,0.153000,0.739800,0.000000,Mg_%,GRNDVI,date2
97,0.022500,0.827000,-0.019100,0.852900,-0.011000,0.873700,0.153200,0.751300,0.000000,Mg_%,MSR,date2
97,-0.058000,0.572400,-0.043800,0.669900,-0.027800,0.687600,0.140800,0.809300,0.000000,Mg_%,NLI,date2
97,-0.034700,0.735500,-0.066000,0.520400,-0.043800,0.526900,0.137600,0.829000,0.000000,Mg_%,NIRv,date2
97,-0.070500,0.492400,-0.019100,0.852900,-0.011000,0.873700,0.162500,0.675300,0.000000,Mg_%,MSAVI2,date2
97,-0.031100,0.762200,-0.024300,0.813200,-0.019200,0.781400,0.161900,0.661600,0.000000,Mg_%,VARI,date2
97,-0.056800,0.580800,-0.055800,0.587000,-0.035600,0.607000,0.166400,0.624200,0.000000,Mg_%,GLI,date2
97,0.063200,0.538500,0.019400,0.850300,0.014900,0.829700,0.166800,0.695400,0.000000,Mg_%,SRre,date2
97,0.005800,0.955400,-0.034200,0.739500,-0.020900,0.762400,0.134200,0.870100,0.000000,Mg_%,RTVIcore,date2
97,0.026000,0.800300,-0.036700,0.721000,-0.023100,0.738700,0.178100,0.550400,0.000000,Mg_%,CRI700,date2
97,0.128600,0.209200,0.114700,0.263200,0.071000,0.305100,0.197000,0.329000,0.000000,Mg_%,BGI,date2
97,0.057800,0.573900,0.022300,0.828300,0.017000,0.805500,0.166000,0.628500,0.000000,Mg_%,RGRI,date2
97,0.100200,0.328700,0.112700,0.271600,0.076600,0.268400,0.161300,0.657200,0.000000,Mg_%,SRPI,date2
97,-0.052400,0.610200,-0.141400,0.167100,-0.094400,0.183700,0.230400,0.063900,0.053617,S_%,NDVI,date2
97,-0.060400,0.556600,-0.188500,0.064500,-0.122400,0.084800,0.272300,0.004900,0.078755,S_%,NDRE,date2
97,-0.061000,0.552700,-0.171800,0.092500,-0.110400,0.120000,0.257600,0.011700,0.099765,S_%,GNDVI,date2
97,-0.006000,0.953500,-0.188500,0.064500,-0.122400,0.084800,0.284600,0.002900,0.058012,S_%,CIre,date2
97,0.001400,0.989000,-0.171800,0.092500,-0.110400,0.120000,0.275700,0.005300,0.089639,S_%,CIgreen,date2
97,-0.052400,0.610200,-0.141400,0.167100,-0.094400,0.183700,0.230400,0.063900,0.053617,S_%,OSAVI,date2
97,-0.019500,0.849300,-0.109400,0.285900,-0.074000,0.297600,0.221600,0.109500,0.000000,S_%,EVI,date2
97,-0.042800,0.677500,-0.141400,0.167100,-0.094400,0.183700,0.235800,0.052300,0.036874,S_%,EVI2,date2
97,-0.072600,0.480000,-0.127500,0.213400,-0.086000,0.226100,0.215900,0.319500,0.009877,S_%,CCCI,date2
97,-0.043700,0.670500,-0.228400,0.024500,-0.165900,0.019500,0.294200,0.003600,0.038592,S_%,MTCI,date2
97,-0.122500,0.232100,-0.228400,0.024500,-0.165900,0.019500,0.299000,0.000900,0.055917,S_%,Datt,date2
97,-0.052400,0.610200,-0.141400,0.167100,-0.094400,0.183700,0.230400,0.063900,0.053617,S_%,SAVI,date2
97,-0.024900,0.808500,-0.141400,0.167100,-0.094400,0.183700,0.242100,0.042600,0.037257,S_%,WDRVI,date2
97,0.027500,0.789500,0.107600,0.294000,0.073100,0.303400,0.200900,0.211800,0.014471,S_%,SIPI,date2
97,0.025400,0.805000,0.109300,0.286400,0.073500,0.300500,0.214100,0.153700,0.002513,S_%,PSRI,date2
97,-0.154700,0.130300,-0.211500,0.037500,-0.138800,0.050600,0.274000,0.001300,0.066313,S_%,ARI,date2
97,0.018400,0.857800,0.001500,0.988600,-0.003300,0.962600,0.156000,0.753100,0.031691,S_%,TCARI,date2
97,0.096200,0.348500,-0.039500,0.700600,-0.026000,0.714400,0.208800,0.383900,0.000000,S_%,MCARI,date2
97,0.134000,0.190500,0.224800,0.026900,0.159700,0.024500,0.283000,0.002600,0.152357,S_%,TCARI_OSAVI,date2
97,0.129500,0.206000,0.010900,0.915400,0.012200,0.863400,0.206600,0.425000,0.000000,S_%,MCARI_OSAVI,date2
97,0.103000,0.315500,-0.141400,0.167100,-0.094400,0.183700,0.270400,0.024700,0.032168,S_%,SR,date2
97,0.079300,0.439900,-0.071700,0.485500,-0.042000,0.554400,0.228600,0.182600,0.000768,S_%,DVI,date2
97,0.027000,0.793200,-0.092400,0.367800,-0.060600,0.393100,0.219600,0.178200,0.007739,S_%,RDVI,date2
97,-0.014100,0.891100,-0.103900,0.311400,-0.071300,0.315300,0.218700,0.139200,0.000000,S_%,RENDVI,date2
97,-0.060700,0.554700,-0.180300,0.077300,-0.118800,0.094200,0.260500,0.011100,0.060133,S_%,LCI,date2
97,-0.150300,0.141600,-0.160900,0.115500,-0.120200,0.090600,0.229000,0.101300,0.020702,S_%,CVI,date2
97,-0.157600,0.123200,-0.025100,0.807300,-0.021100,0.766300,0.221000,0.276500,0.036396,S_%,NPCI,date2
97,0.006000,0.953100,-0.107800,0.293200,-0.072600,0.306400,0.224500,0.125600,0.000000,S_%,NGRDI,date2
97,0.031300,0.760700,-0.011500,0.911000,-0.006400,0.927700,0.185500,0.441600,0.010510,S_%,TGI,date2
97,-0.038300,0.709300,-0.134800,0.187900,-0.091300,0.198600,0.224100,0.096900,0.016220,S_%,ARVI,date2
97,-0.083000,0.419000,-0.176900,0.083000,-0.117500,0.098000,0.252300,0.011300,0.130918,S_%,BNDVI,date2
97,-0.049500,0.629800,-0.146300,0.152900,-0.095300,0.179600,0.245900,0.027100,0.074209,S_%,GRNDVI,date2
97,0.025800,0.801800,-0.141400,0.167100,-0.094400,0.183700,0.252500,0.035900,0.035826,S_%,MSR,date2
97,0.036600,0.722100,-0.094900,0.355000,-0.062400,0.379400,0.205300,0.242000,0.058635,S_%,NLI,date2
97,0.065700,0.522500,-0.080400,0.433500,-0.050900,0.473800,0.229600,0.166100,0.000000,S_%,NIRv,date2
97,-0.057200,0.577600,-0.141400,0.167100,-0.094400,0.183700,0.224600,0.080400,0.056947,S_%,MSAVI2,date2
97,0.009300,0.927600,-0.110900,0.279400,-0.074000,0.297600,0.223000,0.135400,0.000000,S_%,VARI,date2
97,-0.026800,0.794100,-0.117300,0.252600,-0.082900,0.243300,0.230400,0.077900,0.000000,S_%,GLI,date2
97,-0.006000,0.953500,-0.188500,0.064500,-0.122400,0.084800,0.284600,0.002900,0.058012,S_%,SRre,date2
97,0.075600,0.461700,-0.109800,0.284300,-0.067700,0.340100,0.266500,0.024500,0.016113,S_%,RTVIcore,date2
97,-0.138900,0.174700,-0.228000,0.024700,-0.153900,0.030200,0.288900,0.000200,0.043766,S_%,CRI700,date2
97,0.090500,0.377800,0.157400,0.123600,0.111700,0.115600,0.253200,0.010000,0.070513,S_%,BGI,date2
97,0.016400,0.873200,0.107800,0.293200,0.072600,0.306400,0.217300,0.144100,0.000000,S_%,RGRI,date2
97,0.176600,0.083500,0.025100,0.807300,0.021100,0.766300,0.227000,0.284500,0.060672,S_%,SRPI,date2
96,0.011300,0.912900,-0.225700,0.027000,-0.152700,0.028200,0.238600,0.032900,0.128502,Нитраты_мг_кг,NDVI,date2
96,0.008100,0.937900,-0.256000,0.011800,-0.172500,0.013200,0.265800,0.010300,0.093425,Нитраты_мг_кг,NDRE,date2
96,-0.001700,0.987000,-0.252000,0.013300,-0.174300,0.012300,0.253100,0.017000,0.052751,Нитраты_мг_кг,GNDVI,date2
96,0.054000,0.601300,-0.256000,0.011800,-0.172500,0.013200,0.279300,0.008300,0.084761,Нитраты_мг_кг,CIre,date2
96,0.050600,0.624700,-0.252000,0.013300,-0.174300,0.012300,0.272200,0.010500,0.041899,Нитраты_мг_кг,CIgreen,date2
96,0.011300,0.912900,-0.225700,0.027000,-0.152700,0.028200,0.238600,0.032900,0.128502,Нитраты_мг_кг,OSAVI,date2
96,0.053900,0.602000,-0.190700,0.062800,-0.128900,0.064000,0.230000,0.065400,0.129375,Нитраты_мг_кг,EVI,date2
96,0.016800,0.870900,-0.225700,0.027000,-0.152700,0.028200,0.242600,0.029100,0.103447,Нитраты_мг_кг,EVI2,date2
96,-0.063300,0.539800,-0.057100,0.580900,-0.037200,0.592600,0.243700,0.093100,0.050262,Нитраты_мг_кг,CCCI,date2
96,-0.003500,0.972900,-0.219400,0.031800,-0.154400,0.026500,0.269800,0.067000,0.056726,Нитраты_мг_кг,MTCI,date2
96,-0.069800,0.499400,-0.219400,0.031800,-0.154400,0.026500,0.263900,0.039800,0.031785,Нитраты_мг_кг,Datt,date2
96,0.011300,0.912900,-0.225700,0.027000,-0.152700,0.028200,0.238600,0.032900,0.128502,Нитраты_мг_кг,SAVI,date2
96,0.028000,0.786700,-0.225700,0.027000,-0.152700,0.028200,0.247600,0.026400,0.080989,Нитраты_мг_кг,WDRVI,date2
96,-0.030000,0.771800,0.190800,0.062600,0.126200,0.069700,0.218100,0.095600,0.091776,Нитраты_мг_кг,SIPI,date2
96,-0.041300,0.689600,0.195100,0.056700,0.135900,0.050800,0.233700,0.043900,0.072386,Нитраты_мг_кг,PSRI,date2
96,-0.126200,0.220600,-0.302300,0.002800,-0.207700,0.002800,0.254400,0.005900,0.037267,Нитраты_мг_кг,ARI,date2
96,0.087500,0.396600,-0.024900,0.810000,-0.029700,0.669100,0.204800,0.254200,0.013027,Нитраты_мг_кг,TCARI,date2
96,0.128100,0.213600,-0.113900,0.269000,-0.079500,0.253100,0.238900,0.115800,0.085097,Нитраты_мг_кг,MCARI,date2
96,0.110100,0.285500,0.255000,0.012200,0.179100,0.010100,0.240700,0.081300,0.015987,Нитраты_мг_кг,TCARI_OSAVI,date2
96,0.154400,0.133200,-0.080400,0.436000,-0.057500,0.408600,0.241000,0.097600,0.043563,Нитраты_мг_кг,MCARI_OSAVI,date2
96,0.130400,0.205500,-0.225700,0.027000,-0.152700,0.028200,0.276700,0.025600,0.086942,Нитраты_мг_кг,SR,date2
96,0.143500,0.163200,-0.139000,0.176800,-0.096700,0.164600,0.254800,0.042300,0.083972,Нитраты_мг_кг,DVI,date2
96,0.091000,0.377900,-0.161600,0.115800,-0.108600,0.118600,0.240900,0.055400,0.109641,Нитраты_мг_кг,RDVI,date2
96,0.037200,0.718800,-0.195700,0.056000,-0.128400,0.064900,0.234900,0.049700,0.094106,Нитраты_мг_кг,RENDVI,date2
96,0.006800,0.947800,-0.251800,0.013300,-0.170700,0.014100,0.259900,0.011500,0.102605,Нитраты_мг_кг,LCI,date2
96,-0.150600,0.143100,-0.136400,0.185300,-0.098500,0.157000,0.271800,0.000700,0.065740,Нитраты_мг_кг,CVI,date2
96,-0.204300,0.045900,0.037200,0.718900,0.024500,0.725300,0.241400,0.124700,0.003281,Нитраты_мг_кг,NPCI,date2
96,0.055900,0.588800,-0.198900,0.052000,-0.133300,0.055400,0.239800,0.045300,0.087697,Нитраты_мг_кг,NGRDI,date2
96,0.096000,0.352000,-0.097400,0.345300,-0.067600,0.331100,0.228500,0.059000,0.066726,Нитраты_мг_кг,TGI,date2
96,0.026700,0.796100,-0.219800,0.031400,-0.146500,0.035300,0.234900,0.046400,0.116914,Нитраты_мг_кг,ARVI,date2
96,-0.024300,0.814300,-0.268000,0.008300,-0.186100,0.007500,0.254300,0.007500,0.095052,Нитраты_мг_кг,BNDVI,date2
96,0.011200,0.913600,-0.232300,0.022800,-0.158400,0.022800,0.248500,0.020700,0.098939,Нитраты_мг_кг,GRNDVI,date2
96,0.069200,0.503100,-0.225700,0.027000,-0.152700,0.028200,0.258200,0.026000,0.082704,Нитраты_мг_кг,MSR,date2
96,0.072100,0.485300,-0.169400,0.098900,-0.117400,0.091500,0.225700,0.069700,0.141096,Нитраты_мг_кг,NLI,date2
96,0.130200,0.206100,-0.145200,0.158100,-0.095800,0.168400,0.253200,0.046000,0.104836,Нитраты_мг_кг,NIRv,date2
96,0.008200,0.937000,-0.225700,0.027000,-0.152700,0.028200,0.234700,0.038700,0.122980,Нитраты_мг_кг,MSAVI2,date2
96,0.064600,0.532100,-0.194500,0.057500,-0.132000,0.057900,0.239300,0.048900,0.078442,Нитраты_мг_кг,VARI,date2
96,0.021400,0.836200,-0.216500,0.034100,-0.146900,0.034700,0.244500,0.023300,0.105671,Нитраты_мг_кг,GLI,date2
96,0.054000,0.601300,-0.256000,0.011800,-0.172500,0.013200,0.279300,0.008300,0.084761,Нитраты_мг_кг,SRre,date2
96,0.144200,0.161100,-0.169700,0.098200,-0.106400,0.126200,0.265600,0.042000,0.085743,Нитраты_мг_кг,RTVIcore,date2
96,-0.116600,0.257700,-0.336100,0.000800,-0.235100,0.000700,0.279100,0.000300,0.042584,Нитраты_мг_кг,CRI700,date2
96,0.042500,0.681000,0.266600,0.008600,0.179100,0.010100,0.261900,0.002200,0.118086,Нитраты_мг_кг,BGI,date2
96,-0.043800,0.671800,0.198900,0.052000,0.133300,0.055400,0.236100,0.042500,0.090558,Нитраты_мг_кг,RGRI,date2
96,0.221400,0.030200,-0.037200,0.718900,-0.024500,0.725300,0.249000,0.135600,0.011505,Нитраты_мг_кг,SRPI,date2
97,-0.184200,0.070900,-0.234000,0.021000,-0.154400,0.025000,0.238000,0.028500,0.086619,Fe_мг_кг,NDVI,date2
97,-0.234500,0.020800,-0.247500,0.014500,-0.160500,0.019900,0.254500,0.012700,0.037707,Fe_мг_кг,NDRE,date2
97,-0.211600,0.037500,-0.233800,0.021200,-0.150600,0.028900,0.241200,0.030100,0.089047,Fe_мг_кг,GNDVI,date2
97,-0.249900,0.013500,-0.247500,0.014500,-0.160500,0.019900,0.263100,0.007400,0.018988,Fe_мг_кг,CIre,date2
97,-0.234500,0.020800,-0.233800,0.021200,-0.150600,0.028900,0.251200,0.017600,0.068374,Fe_мг_кг,CIgreen,date2
97,-0.184200,0.070900,-0.234000,0.021000,-0.154400,0.025000,0.238000,0.028500,0.086619,Fe_мг_кг,OSAVI,date2
97,-0.151300,0.139000,-0.197400,0.052700,-0.129500,0.060200,0.201900,0.210800,0.012647,Fe_мг_кг,EVI,date2
97,-0.192400,0.059000,-0.234000,0.021000,-0.154400,0.025000,0.239100,0.026900,0.064853,Fe_мг_кг,EVI2,date2
97,-0.088900,0.386500,0.049400,0.631100,0.045300,0.510800,0.199100,0.477100,0.054374,Fe_мг_кг,CCCI,date2
97,-0.215500,0.034000,-0.067900,0.508500,-0.045800,0.506800,0.227300,0.248200,0.000000,Fe_мг_кг,MTCI,date2
97,-0.197200,0.052900,-0.067900,0.508500,-0.045800,0.506800,0.214300,0.354400,0.000000,Fe_мг_кг,Datt,date2
97,-0.184200,0.070900,-0.234000,0.021000,-0.154400,0.025000,0.238000,0.028500,0.086619,Fe_мг_кг,SAVI,date2
97,-0.202100,0.047100,-0.234000,0.021000,-0.154400,0.025000,0.241000,0.025000,0.038510,Fe_мг_кг,WDRVI,date2
97,0.137600,0.178900,0.204400,0.044600,0.134200,0.051400,0.206900,0.182100,0.051838,Fe_мг_кг,SIPI,date2
97,0.164300,0.107900,0.218200,0.031800,0.144600,0.035900,0.220200,0.091400,0.000000,Fe_мг_кг,PSRI,date2
97,-0.209500,0.039400,-0.226400,0.025700,-0.156600,0.023100,0.242400,0.061400,0.000000,Fe_мг_кг,ARI,date2
97,0.033600,0.744000,-0.027500,0.789400,-0.018300,0.791100,0.150700,0.794200,0.000000,Fe_мг_кг,TCARI,date2
97,-0.158000,0.122200,-0.156600,0.125500,-0.103300,0.133800,0.206700,0.233400,0.000000,Fe_мг_кг,MCARI,date2
97,0.185000,0.069700,0.150700,0.140600,0.111100,0.107100,0.235200,0.098400,0.083218,Fe_мг_кг,TCARI_OSAVI,date2
97,-0.125800,0.219400,-0.153600,0.133000,-0.104600,0.129100,0.204300,0.298100,0.039728,Fe_мг_кг,MCARI_OSAVI,date2
97,-0.228500,0.024400,-0.234000,0.021000,-0.154400,0.025000,0.252200,0.018100,0.031094,Fe_мг_кг,SR,date2
97,-0.143300,0.161400,-0.150500,0.141200,-0.102900,0.135500,0.207500,0.264000,0.017651,Fe_мг_кг,DVI,date2
97,-0.158400,0.121200,-0.176700,0.083300,-0.119200,0.083700,0.212000,0.166900,0.028529,Fe_мг_кг,RDVI,date2
97,-0.175200,0.086100,-0.215600,0.033900,-0.139800,0.042500,0.229900,0.051100,0.032882,Fe_мг_кг,RENDVI,date2
97,-0.222000,0.028900,-0.232100,0.022200,-0.148900,0.030800,0.249900,0.015000,0.089473,Fe_мг_кг,LCI,date2
97,-0.033000,0.748100,0.038400,0.708900,0.034600,0.615800,0.180600,0.527400,0.016339,Fe_мг_кг,CVI,date2
97,0.106100,0.300900,0.090700,0.377100,0.055200,0.423100,0.177400,0.565500,0.000000,Fe_мг_кг,NPCI,date2
97,-0.180400,0.077100,-0.221400,0.029300,-0.147100,0.032800,0.224100,0.079100,0.000000,Fe_мг_кг,NGRDI,date2
97,-0.101500,0.322400,-0.154200,0.131500,-0.105500,0.125900,0.195000,0.314600,0.000000,Fe_мг_кг,TGI,date2
97,-0.175700,0.085200,-0.227500,0.025000,-0.149700,0.029800,0.226600,0.063200,0.008307,Fe_мг_кг,ARVI,date2
97,-0.206400,0.042500,-0.240500,0.017600,-0.155300,0.024200,0.249600,0.011400,0.131279,Fe_мг_кг,BNDVI,date2
97,-0.201400,0.047900,-0.231900,0.022300,-0.149300,0.030300,0.242700,0.022300,0.090548,Fe_мг_кг,GRNDVI,date2
97,-0.217000,0.032700,-0.234000,0.021000,-0.154400,0.025000,0.245800,0.022000,0.039621,Fe_мг_кг,MSR,date2
97,-0.130900,0.201200,-0.178300,0.080600,-0.119600,0.082600,0.208700,0.199600,0.048148,Fe_мг_кг,NLI,date2
97,-0.160300,0.116700,-0.156900,0.124900,-0.105500,0.125900,0.213300,0.187600,0.023914,Fe_мг_кг,NIRv,date2
97,-0.176300,0.084100,-0.234000,0.021000,-0.154400,0.025000,0.237200,0.030200,0.111119,Fe_мг_кг,MSAVI2,date2
97,-0.178100,0.080900,-0.221400,0.029300,-0.145800,0.034300,0.221500,0.092800,0.000000,Fe_мг_кг,VARI,date2
97,-0.190200,0.062100,-0.231000,0.022800,-0.154900,0.024600,0.238600,0.027700,0.000000,Fe_мг_кг,GLI,date2
97,-0.249900,0.013500,-0.247500,0.014500,-0.160500,0.019900,0.263100,0.007400,0.018988,Fe_мг_кг,SRre,date2
97,-0.178100,0.080900,-0.157000,0.124500,-0.100300,0.145500,0.218500,0.185800,0.033164,Fe_мг_кг,RTVIcore,date2
97,-0.244100,0.016000,-0.270700,0.007300,-0.182800,0.008000,0.269800,0.002900,0.053974,Fe_мг_кг,CRI700,date2
97,0.208500,0.040400,0.271000,0.007300,0.184900,0.007300,0.263200,0.002600,0.017458,Fe_мг_кг,BGI,date2
97,0.170500,0.094900,0.221400,0.029300,0.147100,0.032800,0.222300,0.081000,0.000000,Fe_мг_кг,RGRI,date2
97,-0.123200,0.229300,-0.090700,0.377100,-0.055200,0.423100,0.182500,0.549900,0.000000,Fe_мг_кг,SRPI,date2
97,-0.094700,0.356100,-0.049900,0.627200,-0.034000,0.622400,0.139300,0.778300,0.000000,Mn_мг_кг,NDVI,date2
97,0.003000,0.977100,0.056300,0.583900,0.040000,0.562100,0.158300,0.677600,0.000000,Mn_мг_кг,NDRE,date2
97,-0.036000,0.726200,0.032900,0.749400,0.021500,0.755300,0.149600,0.736500,0.000000,Mn_мг_кг,GNDVI,date2
97,-0.002500,0.980300,0.056300,0.583900,0.040000,0.562100,0.161200,0.648000,0.000000,Mn_мг_кг,CIre,date2
97,-0.038800,0.705800,0.032900,0.749400,0.021500,0.755300,0.153800,0.704800,0.000000,Mn_мг_кг,CIgreen,date2
97,-0.094700,0.356100,-0.049900,0.627200,-0.034000,0.622400,0.139300,0.778300,0.000000,Mn_мг_кг,OSAVI,date2
97,-0.113800,0.267200,-0.078900,0.442300,-0.054200,0.432200,0.150600,0.685800,0.000000,Mn_мг_кг,EVI,date2
97,-0.090700,0.377000,-0.049900,0.627200,-0.034000,0.622400,0.136200,0.788600,0.000000,Mn_мг_кг,EVI2,date2
97,0.346600,0.000500,0.456000,0.000000,0.312800,0.000000,0.435800,0.000000,0.142543,Mn_мг_кг,CCCI,date2
97,0.230300,0.023200,0.459200,0.000000,0.313300,0.000000,0.415000,0.000000,0.060843,Mn_мг_кг,MTCI,date2
97,0.299800,0.002800,0.459200,0.000000,0.313300,0.000000,0.426700,0.000000,0.075421,Mn_мг_кг,Datt,date2
97,-0.094700,0.356100,-0.049900,0.627200,-0.034000,0.622400,0.139300,0.778300,0.000000,Mn_мг_кг,SAVI,date2
97,-0.086900,0.397200,-0.049900,0.627200,-0.034000,0.622400,0.133900,0.796200,0.000000,Mn_мг_кг,WDRVI,date2
97,0.124700,0.223600,0.079400,0.439300,0.052900,0.443200,0.169900,0.581900,0.000000,Mn_мг_кг,SIPI,date2
97,0.146400,0.152400,0.097600,0.341600,0.064500,0.349800,0.166200,0.574600,0.000000,Mn_мг_кг,PSRI,date2
97,-0.004000,0.969100,0.087300,0.395000,0.059000,0.393100,0.154300,0.727800,0.000000,Mn_мг_кг,ARI,date2
97,-0.220700,0.029800,-0.238700,0.018500,-0.160100,0.020400,0.251600,0.011500,0.121065,Mn_мг_кг,TCARI,date2
97,-0.159100,0.119500,-0.136800,0.181400,-0.089500,0.194800,0.162600,0.578300,0.000000,Mn_мг_кг,MCARI,date2
97,-0.152600,0.135800,-0.250300,0.013400,-0.174700,0.011400,0.270500,0.001200,0.049832,Mn_мг_кг,TCARI_OSAVI,date2
97,-0.207800,0.041100,-0.213200,0.036000,-0.144100,0.036800,0.216900,0.116100,0.000000,Mn_мг_кг,MCARI_OSAVI,date2
97,-0.079000,0.441500,-0.049900,0.627200,-0.034000,0.622400,0.133400,0.799000,0.000000,Mn_мг_кг,SR,date2
97,-0.122300,0.232900,-0.084200,0.412000,-0.055500,0.421300,0.147700,0.760600,0.000000,Mn_мг_кг,DVI,date2
97,-0.113200,0.269700,-0.069100,0.501400,-0.044300,0.520800,0.139000,0.792400,0.000000,Mn_мг_кг,RDVI,date2
97,-0.134400,0.189200,-0.102300,0.318800,-0.064100,0.353000,0.151000,0.692600,0.000000,Mn_мг_кг,RENDVI,date2
97,-0.025500,0.803800,0.029900,0.771500,0.020700,0.764800,0.150000,0.723000,0.000000,Mn_мг_кг,LCI,date2
97,0.270100,0.007500,0.368900,0.000200,0.256900,0.000200,0.382500,0.000000,0.110839,Mn_мг_кг,CVI,date2
97,0.144900,0.156800,0.118900,0.246000,0.078300,0.256600,0.187500,0.367300,0.000000,Mn_мг_кг,NPCI,date2
97,-0.135200,0.186800,-0.104400,0.308700,-0.064500,0.349800,0.154400,0.656500,0.000000,Mn_мг_кг,NGRDI,date2
97,-0.204000,0.045100,-0.194400,0.056400,-0.123500,0.073600,0.210400,0.152900,0.026169,Mn_мг_кг,TGI,date2
97,-0.103500,0.313300,-0.062300,0.544300,-0.040400,0.557900,0.140800,0.767900,0.000000,Mn_мг_кг,ARVI,date2
97,-0.066600,0.516700,-0.000700,0.994900,-0.003000,0.965200,0.128000,0.839600,0.000000,Mn_мг_кг,BNDVI,date2
97,-0.071300,0.487400,-0.023400,0.820100,-0.018500,0.788700,0.142400,0.764100,0.000000,Mn_мг_кг,GRNDVI,date2
97,-0.086200,0.401400,-0.049900,0.627200,-0.034000,0.622400,0.134700,0.796700,0.000000,Mn_мг_кг,MSR,date2
97,-0.123600,0.227800,-0.065400,0.524600,-0.041300,0.549500,0.153200,0.769600,0.000000,Mn_мг_кг,NLI,date2
97,-0.114200,0.265400,-0.076100,0.458800,-0.052100,0.450700,0.139900,0.790200,0.000000,Mn_мг_кг,NIRv,date2
97,-0.098900,0.335100,-0.049900,0.627200,-0.034000,0.622400,0.143600,0.762800,0.000000,Mn_мг_кг,MSAVI2,date2
97,-0.136500,0.182600,-0.101900,0.320800,-0.065000,0.346500,0.155900,0.645200,0.000000,Mn_мг_кг,VARI,date2
97,-0.127900,0.211900,-0.096000,0.349700,-0.059400,0.389600,0.144500,0.728500,0.000000,Mn_мг_кг,GLI,date2
97,-0.002500,0.980300,0.056300,0.583900,0.040000,0.562100,0.161200,0.648000,0.000000,Mn_мг_кг,SRre,date2
97,-0.057600,0.575000,-0.007700,0.940200,-0.008600,0.900800,0.133200,0.847800,0.000000,Mn_мг_кг,RTVIcore,date2
97,-0.038200,0.710400,0.040000,0.697500,0.025000,0.717700,0.138800,0.792400,0.000000,Mn_мг_кг,CRI700,date2
97,0.103300,0.314000,0.061000,0.552600,0.041300,0.549500,0.124000,0.848000,0.000000,Mn_мг_кг,BGI,date2
97,0.143600,0.160600,0.104400,0.308700,0.064500,0.349800,0.159800,0.624700,0.000000,Mn_мг_кг,RGRI,date2
97,-0.133900,0.191100,-0.118900,0.246000,-0.078300,0.256600,0.184200,0.395200,0.000000,Mn_мг_кг,SRPI,date2
97,-0.131000,0.201100,-0.279500,0.005600,-0.202300,0.003400,0.316500,0.000000,0.046214,Cu_мг_кг,NDVI,date2
97,-0.110800,0.279900,-0.316800,0.001600,-0.225100,0.001100,0.361100,0.000000,0.080254,Cu_мг_кг,NDRE,date2
97,-0.117000,0.253600,-0.310900,0.001900,-0.222100,0.001300,0.354400,0.000000,0.095979,Cu_мг_кг,GNDVI,date2
97,-0.055100,0.592200,-0.316800,0.001600,-0.225100,0.001100,0.366100,0.000000,0.093737,Cu_мг_кг,CIre,date2
97,-0.033600,0.744100,-0.310900,0.001900,-0.222100,0.001300,0.365600,0.000000,0.110252,Cu_мг_кг,CIgreen,date2
97,-0.131000,0.201100,-0.279500,0.005600,-0.202300,0.003400,0.316500,0.000000,0.046214,Cu_мг_кг,OSAVI,date2
97,-0.109900,0.283800,-0.257200,0.011000,-0.174800,0.011300,0.287700,0.000400,0.072698,Cu_мг_кг,EVI,date2
97,-0.116500,0.255900,-0.279500,0.005600,-0.202300,0.003400,0.317700,0.000000,0.045714,Cu_мг_кг,EVI2,date2
97,0.041900,0.683600,0.013100,0.898500,0.005400,0.937900,0.208200,0.352400,0.144489,Cu_мг_кг,CCCI,date2
97,-0.005100,0.960400,-0.213600,0.035600,-0.151100,0.028400,0.273200,0.042800,0.058897,Cu_мг_кг,MTCI,date2
97,-0.052100,0.612000,-0.213600,0.035600,-0.151100,0.028400,0.269800,0.025200,0.034156,Cu_мг_кг,Datt,date2
97,-0.130900,0.201100,-0.279500,0.005600,-0.202300,0.003400,0.316500,0.000000,0.046214,Cu_мг_кг,SAVI,date2
97,-0.095500,0.352200,-0.279500,0.005600,-0.202300,0.003400,0.319700,0.000000,0.051955,Cu_мг_кг,WDRVI,date2
97,0.147000,0.150900,0.259600,0.010200,0.176100,0.010700,0.294800,0.000100,0.034723,Cu_мг_кг,SIPI,date2
97,0.125700,0.220100,0.249700,0.013700,0.165800,0.016300,0.283100,0.000600,0.041531,Cu_мг_кг,PSRI,date2
97,-0.162300,0.112200,-0.271800,0.007100,-0.190300,0.005800,0.309500,0.000000,0.070048,Cu_мг_кг,ARI,date2
97,-0.060300,0.557500,-0.147600,0.149000,-0.089600,0.193700,0.259700,0.009000,0.095261,Cu_мг_кг,TCARI,date2
97,0.039500,0.700700,-0.210400,0.038600,-0.146800,0.033300,0.270100,0.018600,0.045281,Cu_мг_кг,MCARI,date2
97,0.110600,0.281000,0.246000,0.015100,0.170500,0.013500,0.279000,0.003200,0.034531,Cu_мг_кг,TCARI_OSAVI,date2
97,0.063400,0.537300,-0.159200,0.119300,-0.106800,0.121400,0.249700,0.086800,0.000000,Cu_мг_кг,MCARI_OSAVI,date2
97,0.031400,0.759800,-0.279500,0.005600,-0.202300,0.003400,0.333800,0.000000,0.086131,Cu_мг_кг,SR,date2
97,0.046800,0.648900,-0.213000,0.036200,-0.148100,0.031800,0.302600,0.000500,0.024393,Cu_мг_кг,DVI,date2
97,-0.034200,0.739300,-0.246900,0.014800,-0.173100,0.012100,0.302900,0.000100,0.029038,Cu_мг_кг,RDVI,date2
97,-0.099200,0.333700,-0.251500,0.013000,-0.178200,0.009800,0.295600,0.000200,0.008480,Cu_мг_кг,RENDVI,date2
97,-0.117600,0.251200,-0.312300,0.001800,-0.227200,0.001000,0.348300,0.000000,0.053254,Cu_мг_кг,LCI,date2
97,-0.005000,0.961400,0.005800,0.954700,0.000600,0.992500,0.136900,0.855500,0.036963,Cu_мг_кг,CVI,date2
97,0.007700,0.940200,0.221100,0.029500,0.149400,0.030300,0.264900,0.020600,0.053319,Cu_мг_кг,NPCI,date2
97,-0.087400,0.394400,-0.248300,0.014200,-0.167500,0.015200,0.286900,0.000700,0.022631,Cu_мг_кг,NGRDI,date2
97,-0.036400,0.723600,-0.180900,0.076200,-0.126600,0.066400,0.250100,0.021500,0.042885,Cu_мг_кг,TGI,date2
97,-0.124200,0.225600,-0.273700,0.006700,-0.193300,0.005100,0.310000,0.000000,0.032986,Cu_мг_кг,ARVI,date2
97,-0.137500,0.179300,-0.307600,0.002200,-0.221600,0.001300,0.327700,0.000000,0.080989,Cu_мг_кг,BNDVI,date2
97,-0.116100,0.257600,-0.293200,0.003600,-0.210900,0.002200,0.332100,0.000000,0.040201,Cu_мг_кг,GRNDVI,date2
97,-0.047600,0.643500,-0.279500,0.005600,-0.202300,0.003400,0.325700,0.000000,0.053641,Cu_мг_кг,MSR,date2
97,-0.103000,0.315500,-0.256100,0.011300,-0.176100,0.010700,0.301600,0.000000,0.015010,Cu_мг_кг,NLI,date2
97,0.033000,0.748100,-0.229300,0.023900,-0.159300,0.020900,0.303300,0.000400,0.012725,Cu_мг_кг,NIRv,date2
97,-0.142800,0.162800,-0.279500,0.005600,-0.202300,0.003400,0.315700,0.000000,0.051318,Cu_мг_кг,MSAVI2,date2
97,-0.086300,0.400900,-0.247700,0.014400,-0.167000,0.015400,0.285900,0.000800,0.038836,Cu_мг_кг,VARI,date2
97,-0.102100,0.319600,-0.248400,0.014200,-0.176100,0.010700,0.290700,0.000300,0.001107,Cu_мг_кг,GLI,date2
97,-0.055100,0.592200,-0.316800,0.001600,-0.225100,0.001100,0.366100,0.000000,0.093737,Cu_мг_кг,SRre,date2
97,0.060000,0.559100,-0.249500,0.013700,-0.178200,0.009800,0.329400,0.000000,0.029321,Cu_мг_кг,RTVIcore,date2
97,-0.162000,0.112900,-0.273500,0.006700,-0.188100,0.006400,0.303000,0.000100,0.095690,Cu_мг_кг,CRI700,date2
97,0.125500,0.220700,0.261800,0.009600,0.190700,0.005700,0.295700,0.000100,0.103195,Cu_мг_кг,BGI,date2
97,0.109100,0.287500,0.248300,0.014200,0.167500,0.015200,0.286200,0.000500,0.030641,Cu_мг_кг,RGRI,date2
97,0.023100,0.822300,-0.221100,0.029500,-0.149400,0.030300,0.268000,0.025200,0.056109,Cu_мг_кг,SRPI,date2
97,-0.088900,0.386600,-0.248300,0.014200,-0.168400,0.014800,0.304100,0.000000,0.106280,Zn_мг_кг,NDVI,date2
97,-0.035900,0.726900,-0.287800,0.004300,-0.201600,0.003500,0.339900,0.000000,0.099286,Zn_мг_кг,NDRE,date2
97,-0.061200,0.551500,-0.274200,0.006600,-0.192500,0.005300,0.334900,0.000000,0.103562,Zn_мг_кг,GNDVI,date2
97,0.052000,0.613100,-0.287800,0.004300,-0.201600,0.003500,0.356000,0.000000,0.086013,Zn_мг_кг,CIre,date2
97,0.059200,0.564500,-0.274200,0.006600,-0.192500,0.005300,0.359500,0.000000,0.081577,Zn_мг_кг,CIgreen,date2
97,-0.088900,0.386600,-0.248300,0.014200,-0.168400,0.014800,0.304100,0.000000,0.106280,Zn_мг_кг,OSAVI,date2
97,-0.054600,0.595300,-0.207200,0.041700,-0.137800,0.046100,0.278600,0.002400,0.072743,Zn_мг_кг,EVI,date2
97,-0.070900,0.490400,-0.248300,0.014200,-0.168400,0.014800,0.312000,0.000000,0.102179,Zn_мг_кг,EVI2,date2
97,0.084900,0.408400,-0.059600,0.562100,-0.044800,0.516800,0.194700,0.737400,0.000000,Zn_мг_кг,CCCI,date2
97,0.090100,0.380000,-0.223800,0.027600,-0.161100,0.019700,0.298900,0.085300,0.024412,Zn_мг_кг,MTCI,date2
97,0.010700,0.917500,-0.223800,0.027600,-0.161100,0.019700,0.282900,0.053000,0.029797,Zn_мг_кг,Datt,date2
97,-0.088900,0.386700,-0.248300,0.014200,-0.168400,0.014800,0.304100,0.000000,0.106280,Zn_мг_кг,SAVI,date2
97,-0.040400,0.694400,-0.248300,0.014200,-0.168400,0.014800,0.321100,0.000000,0.100562,Zn_мг_кг,WDRVI,date2
97,0.082200,0.423400,0.209000,0.039900,0.140400,0.042100,0.253200,0.012300,0.084073,Zn_мг_кг,SIPI,date2
97,0.080400,0.433900,0.225600,0.026300,0.146900,0.033500,0.278500,0.001600,0.101524,Zn_мг_кг,PSRI,date2
97,-0.229700,0.023600,-0.355500,0.000400,-0.248500,0.000300,0.365400,0.000000,0.117241,Zn_мг_кг,ARI,date2
97,-0.009300,0.928000,0.038800,0.706000,0.030200,0.662600,0.170900,0.672200,0.069692,Zn_мг_кг,TCARI,date2
97,0.143400,0.161000,-0.114300,0.264900,-0.068500,0.321600,0.275200,0.041600,0.019569,Zn_мг_кг,MCARI,date2
97,0.159500,0.118600,0.413900,0.000000,0.303700,0.000000,0.412700,0.000000,0.165722,Zn_мг_кг,TCARI_OSAVI,date2
97,0.175600,0.085400,-0.042700,0.677700,-0.022800,0.741100,0.255800,0.139800,0.000000,Zn_мг_кг,MCARI_OSAVI,date2
97,0.170300,0.095300,-0.248300,0.014200,-0.168400,0.014800,0.362300,0.000000,0.070055,Zn_мг_кг,SR,date2
97,0.188600,0.064300,-0.085600,0.404600,-0.053400,0.439500,0.271100,0.066000,0.042882,Zn_мг_кг,DVI,date2
97,0.069200,0.500400,-0.147800,0.148500,-0.100800,0.144600,0.267900,0.023200,0.064376,Zn_мг_кг,RDVI,date2
97,-0.053500,0.603000,-0.217500,0.032300,-0.145200,0.035600,0.296600,0.000200,0.071629,Zn_мг_кг,RENDVI,date2
97,-0.054600,0.595500,-0.272500,0.006900,-0.191700,0.005500,0.331800,0.000000,0.099482,Zn_мг_кг,LCI,date2
97,-0.028300,0.782800,-0.037200,0.717300,-0.031900,0.644600,0.175800,0.517800,0.000000,Zn_мг_кг,CVI,date2
97,-0.141700,0.166100,0.136900,0.181000,0.086200,0.212500,0.277900,0.042100,0.041943,Zn_мг_кг,NPCI,date2
97,-0.030400,0.767700,-0.219000,0.031200,-0.146000,0.034600,0.296100,0.000500,0.019224,Zn_мг_кг,NGRDI,date2
97,0.031500,0.759100,-0.062200,0.545000,-0.035300,0.609200,0.206900,0.276200,0.042771,Zn_мг_кг,TGI,date2
97,-0.075800,0.460400,-0.236000,0.019900,-0.156800,0.023300,0.297000,0.000200,0.086757,Zn_мг_кг,ARVI,date2
97,-0.111600,0.276400,-0.284600,0.004700,-0.193800,0.005000,0.325100,0.000000,0.100115,Zn_мг_кг,BNDVI,date2
97,-0.064800,0.528400,-0.256700,0.011100,-0.177900,0.010000,0.321000,0.000000,0.101390,Zn_мг_кг,GRNDVI,date2
97,0.042500,0.679500,-0.248300,0.014200,-0.168400,0.014800,0.336100,0.000000,0.067820,Zn_мг_кг,MSR,date2
97,-0.016700,0.871200,-0.155000,0.129600,-0.103800,0.133000,0.244000,0.031800,0.096176,Zn_мг_кг,NLI,date2
97,0.162600,0.111500,-0.117500,0.251900,-0.078400,0.256500,0.278300,0.034900,0.056412,Zn_мг_кг,NIRv,date2
97,-0.100300,0.328200,-0.248300,0.014200,-0.168400,0.014800,0.295300,0.000100,0.104152,Zn_мг_кг,MSAVI2,date2
97,-0.024700,0.810000,-0.218700,0.031400,-0.145600,0.035100,0.293200,0.000800,0.012696,Zn_мг_кг,VARI,date2
97,-0.066700,0.516400,-0.224200,0.027300,-0.147700,0.032500,0.303500,0.000100,0.075516,Zn_мг_кг,GLI,date2
97,0.052000,0.613100,-0.287800,0.004300,-0.201600,0.003500,0.356000,0.000000,0.086013,Zn_мг_кг,SRre,date2
97,0.221200,0.029500,-0.122300,0.232600,-0.084000,0.224100,0.304100,0.014100,0.062617,Zn_мг_кг,RTVIcore,date2
97,-0.215200,0.034300,-0.352300,0.000400,-0.243800,0.000400,0.372900,0.000000,0.050484,Zn_мг_кг,CRI700,date2
97,0.130000,0.204500,0.262800,0.009300,0.174900,0.011400,0.320100,0.000000,0.066441,Zn_мг_кг,BGI,date2
97,0.062000,0.546300,0.219000,0.031200,0.146000,0.034600,0.284200,0.001100,0.054491,Zn_мг_кг,RGRI,date2
97,0.189400,0.063100,-0.136900,0.181000,-0.086200,0.212500,0.290300,0.040300,0.053317,Zn_мг_кг,SRPI,date2
46,-0.199600,0.183400,-0.122900,0.416000,-0.076500,0.454400,0.301100,0.180300,0.043673,Co_мг_кг,NDVI,date2
46,-0.200500,0.181500,-0.127700,0.397800,-0.103600,0.310900,0.319500,0.110500,0.093723,Co_мг_кг,NDRE,date2
46,-0.214000,0.153300,-0.119300,0.429500,-0.084200,0.410000,0.315700,0.126600,0.090434,Co_мг_кг,GNDVI,date2
46,-0.194800,0.194400,-0.127700,0.397800,-0.103600,0.310900,0.314100,0.116800,0.122145,Co_мг_кг,CIre,date2
46,-0.201100,0.180300,-0.119300,0.429500,-0.084200,0.410000,0.305700,0.143900,0.134130,Co_мг_кг,CIgreen,date2
46,-0.199700,0.183400,-0.122900,0.416000,-0.076500,0.454400,0.301100,0.180300,0.043673,Co_мг_кг,OSAVI,date2
46,-0.188500,0.209700,-0.159000,0.291200,-0.093900,0.358300,0.290400,0.228500,0.012307,Co_мг_кг,EVI,date2
46,-0.191900,0.201300,-0.122900,0.416000,-0.076500,0.454400,0.294800,0.197100,0.055386,Co_мг_кг,EVI2,date2
46,0.129800,0.389900,0.164700,0.274100,0.105500,0.302000,0.260100,0.428900,0.026512,Co_мг_кг,CCCI,date2
46,-0.008100,0.957500,0.058300,0.700100,0.031900,0.754700,0.261600,0.395900,0.140060,Co_мг_кг,MTCI,date2
46,-0.002300,0.988100,0.058300,0.700100,0.031900,0.754700,0.258500,0.430700,0.167740,Co_мг_кг,Datt,date2
46,-0.199700,0.183400,-0.122900,0.416000,-0.076500,0.454400,0.301100,0.180200,0.043673,Co_мг_кг,SAVI,date2
46,-0.184900,0.218600,-0.122900,0.416000,-0.076500,0.454400,0.288700,0.215900,0.061315,Co_мг_кг,WDRVI,date2
46,0.218900,0.143800,0.157500,0.295800,0.092000,0.368300,0.316500,0.185700,0.000000,Co_мг_кг,SIPI,date2
46,0.182900,0.223900,0.116800,0.439400,0.061000,0.550800,0.290200,0.227100,0.000000,Co_мг_кг,PSRI,date2
46,-0.145100,0.335900,-0.056700,0.708300,-0.045500,0.656300,0.283500,0.269000,0.018016,Co_мг_кг,ARI,date2
46,-0.229900,0.124400,-0.191200,0.203100,-0.121000,0.236500,0.320600,0.104400,0.008060,Co_мг_кг,TCARI,date2
46,-0.170100,0.258500,-0.156300,0.299600,-0.097800,0.338800,0.284000,0.223900,0.211712,Co_мг_кг,MCARI,date2
46,-0.047300,0.755000,-0.092000,0.543300,-0.037800,0.711900,0.290900,0.190800,0.046698,Co_мг_кг,TCARI_OSAVI,date2
46,-0.178600,0.235100,-0.188000,0.210900,-0.109400,0.284600,0.298700,0.163400,0.106485,Co_мг_кг,MCARI_OSAVI,date2
46,-0.170200,0.258200,-0.122900,0.416000,-0.076500,0.454400,0.274400,0.269200,0.093712,Co_мг_кг,SR,date2
46,-0.230500,0.123300,-0.168300,0.263500,-0.115200,0.259800,0.311400,0.127200,0.058862,Co_мг_кг,DVI,date2
46,-0.217300,0.146800,-0.150100,0.319300,-0.107500,0.293200,0.310800,0.132600,0.077622,Co_мг_кг,RDVI,date2
46,-0.185700,0.216700,-0.121000,0.423100,-0.066800,0.513500,0.291100,0.201300,0.067476,Co_мг_кг,RENDVI,date2
46,-0.198400,0.186200,-0.116100,0.442100,-0.088100,0.388800,0.310400,0.140300,0.105698,Co_мг_кг,LCI,date2
46,-0.040000,0.792000,-0.041900,0.782300,-0.033900,0.740300,0.179100,0.828900,0.000000,Co_мг_кг,CVI,date2
46,0.119300,0.429600,0.131600,0.383200,0.088100,0.388800,0.252000,0.466900,0.044979,Co_мг_кг,NPCI,date2
46,-0.166100,0.269900,-0.121900,0.419700,-0.066800,0.513500,0.277800,0.267500,0.049195,Co_мг_кг,NGRDI,date2
46,-0.195100,0.193800,-0.144500,0.338200,-0.088100,0.388800,0.303600,0.156700,0.104695,Co_мг_кг,TGI,date2
46,-0.193400,0.197800,-0.139300,0.356000,-0.082300,0.420900,0.295700,0.203900,0.033659,Co_мг_кг,ARVI,date2
46,-0.211000,0.159300,-0.120600,0.424500,-0.086200,0.399300,0.310200,0.139200,0.107018,Co_мг_кг,BNDVI,date2
46,-0.202200,0.177700,-0.136400,0.365900,-0.101600,0.320100,0.303800,0.163700,0.096538,Co_мг_кг,GRNDVI,date2
46,-0.182100,0.225800,-0.122900,0.416000,-0.076500,0.454400,0.285500,0.229600,0.074098,Co_мг_кг,MSR,date2
46,-0.241600,0.105700,-0.150600,0.317700,-0.109400,0.284600,0.327000,0.087300,0.054550,Co_мг_кг,NLI,date2
46,-0.215800,0.149800,-0.145800,0.333600,-0.105500,0.302000,0.306300,0.140600,0.117060,Co_мг_кг,NIRv,date2
46,-0.209900,0.161400,-0.122900,0.416000,-0.076500,0.454400,0.308900,0.162600,0.031208,Co_мг_кг,MSAVI2,date2
46,-0.170600,0.257000,-0.127400,0.398900,-0.066800,0.513500,0.279600,0.261200,0.046240,Co_мг_кг,VARI,date2
46,-0.170600,0.256900,-0.101100,0.503800,-0.062900,0.538200,0.285100,0.220700,0.074053,Co_мг_кг,GLI,date2
46,-0.194800,0.194400,-0.127700,0.397800,-0.103600,0.310900,0.314100,0.116800,0.122145,Co_мг_кг,SRre,date2
46,-0.226800,0.129600,-0.161500,0.283700,-0.122900,0.229100,0.311000,0.130800,0.056953,Co_мг_кг,RTVIcore,date2
46,-0.149700,0.320600,-0.078000,0.606300,-0.051300,0.615700,0.270800,0.301900,0.050418,Co_мг_кг,CRI700,date2
46,0.184100,0.220800,0.127100,0.399900,0.080300,0.431900,0.295300,0.185600,0.035359,Co_мг_кг,BGI,date2
46,0.176400,0.241000,0.121900,0.419700,0.066800,0.513500,0.285900,0.236900,0.006185,Co_мг_кг,RGRI,date2
46,-0.124700,0.408900,-0.131600,0.383200,-0.088100,0.388800,0.250600,0.469400,0.042972,Co_мг_кг,SRPI,date2
