model,R2,R2_fold_mean,R2_fold_std,RMSE,MAE,RPD,RPIQ,n,element,date,feature_set,n_features
RF,0.0059,-0.0103,0.1279,0.1775,0.1407,1.0000,1.0300,60.0000,Ca_%,date1,hyper_idx,24
SVR,0.0045,-0.0214,0.1423,0.1776,0.1470,1.0000,1.0300,60.0000,Ca_%,date1,hyper_idx,24
ElasticNet,-0.0139,-0.0443,0.0531,0.1793,0.1366,0.9900,1.0200,60.0000,Ca_%,date1,raw_smooth,300
ElasticNet,-0.0139,-0.0443,0.0531,0.1793,0.1366,0.9900,1.0200,60.0000,Ca_%,date1,deriv1_snv,300
ElasticNet,-0.0139,-0.0443,0.0531,0.1793,0.1366,0.9900,1.0200,60.0000,Ca_%,date1,pca_10,10
ElasticNet,-0.0139,-0.0443,0.0531,0.1793,0.1366,0.9900,1.0200,60.0000,Ca_%,date1,vip,58
ElasticNet,-0.0139,-0.0443,0.0531,0.1793,0.1366,0.9900,1.0200,60.0000,Ca_%,date1,hyper_idx,24
RF,-0.0369,-0.0509,0.2149,0.1813,0.1441,0.9800,1.0100,60.0000,Ca_%,date1,vip,58
ElasticNet,-0.0591,-0.2353,0.2392,0.0932,0.0770,0.9700,1.5000,55.0000,Ca_%,date2,raw_smooth,300
ElasticNet,-0.0591,-0.2353,0.2392,0.0932,0.0770,0.9700,1.5000,55.0000,Ca_%,date2,deriv1_snv,300
ElasticNet,-0.0591,-0.2353,0.2392,0.0932,0.0770,0.9700,1.5000,55.0000,Ca_%,date2,pca_10,10
ElasticNet,-0.0591,-0.2353,0.2392,0.0932,0.0770,0.9700,1.5000,55.0000,Ca_%,date2,vip,116
ElasticNet,-0.0591,-0.2353,0.2392,0.0932,0.0770,0.9700,1.5000,55.0000,Ca_%,date2,hyper_idx,24
RF,-0.0601,-0.0719,0.1674,0.1833,0.1454,0.9700,1.0000,60.0000,Ca_%,date1,raw_smooth,300
SVR,-0.0672,-0.1183,0.2583,0.1839,0.1535,0.9700,0.9900,60.0000,Ca_%,date1,deriv1_snv,300
SVR,-0.0832,-0.1151,0.1522,0.1853,0.1464,0.9600,0.9900,60.0000,Ca_%,date1,vip,58
RF,-0.0867,-0.1222,0.1758,0.1856,0.1514,0.9600,0.9800,60.0000,Ca_%,date1,deriv1_snv,300
RF,-0.1396,-0.2951,0.1201,0.0967,0.0805,0.9400,1.4500,55.0000,Ca_%,date2,deriv1_snv,300
XGBoost,-0.2175,-0.2634,0.5123,0.1964,0.1506,0.9100,0.9300,60.0000,Ca_%,date1,hyper_idx,24
SVR,-0.2263,-0.3790,0.2729,0.1003,0.0800,0.9000,1.4000,55.0000,Ca_%,date2,raw_smooth,300
RF,-0.2425,-0.4764,0.2898,0.1009,0.0830,0.9000,1.3900,55.0000,Ca_%,date2,hyper_idx,24
GBR,-0.2472,-0.4175,0.2081,0.1011,0.0820,0.9000,1.3800,55.0000,Ca_%,date2,deriv1_snv,300
SVR,-0.2539,-0.4057,0.3384,0.1014,0.0808,0.8900,1.3800,55.0000,Ca_%,date2,deriv1_snv,300
SVR,-0.2583,-0.2862,0.2772,0.1997,0.1574,0.8900,0.9100,60.0000,Ca_%,date1,raw_smooth,300
GBR,-0.2832,-0.2870,0.4650,0.2017,0.1575,0.8800,0.9000,60.0000,Ca_%,date1,vip,58
SVR,-0.2837,-0.3606,0.2598,0.2017,0.1572,0.8800,0.9000,60.0000,Ca_%,date1,pca_10,10
XGBoost,-0.2849,-0.2937,0.3654,0.2018,0.1583,0.8800,0.9000,60.0000,Ca_%,date1,vip,58
RF,-0.3073,-0.3541,0.1495,0.2035,0.1629,0.8700,0.9000,60.0000,Ca_%,date1,pca_10,10
GBR,-0.3126,-0.3411,0.1137,0.2040,0.1599,0.8700,0.8900,60.0000,Ca_%,date1,hyper_idx,24
XGBoost,-0.3188,-0.5397,0.4533,0.1040,0.0835,0.8700,1.3500,55.0000,Ca_%,date2,deriv1_snv,300
SVR,-0.3393,-0.5870,0.4347,0.1048,0.0861,0.8600,1.3400,55.0000,Ca_%,date2,hyper_idx,24
XGBoost,-0.3538,-0.4255,0.2565,0.2071,0.1693,0.8600,0.8800,60.0000,Ca_%,date1,pca_10,10
GBR,-0.3621,-0.6520,0.4722,0.1057,0.0863,0.8600,1.3200,55.0000,Ca_%,date2,hyper_idx,24
SVR,-0.3748,-0.5248,0.3908,0.1062,0.0839,0.8500,1.3200,55.0000,Ca_%,date2,vip,116
GBR,-0.3920,-0.4098,0.4881,0.2100,0.1611,0.8500,0.8700,60.0000,Ca_%,date1,raw_smooth,300
XGBoost,-0.3981,-0.4411,0.4057,0.2105,0.1596,0.8500,0.8700,60.0000,Ca_%,date1,raw_smooth,300
RF,-0.4046,-0.6423,0.3360,0.1073,0.0897,0.8400,1.3000,55.0000,Ca_%,date2,pca_10,10
RF,-0.4135,-0.5714,0.2779,0.1077,0.0858,0.8400,1.3000,55.0000,Ca_%,date2,raw_smooth,300
GBR,-0.4499,-0.4760,0.2342,0.2144,0.1720,0.8300,0.8500,60.0000,Ca_%,date1,deriv1_snv,300
SVR,-0.4717,-0.7399,0.4436,0.1099,0.0886,0.8200,1.2700,55.0000,Ca_%,date2,pca_10,10
RF,-0.5019,-0.6710,0.4946,0.1110,0.0871,0.8200,1.2600,55.0000,Ca_%,date2,vip,116
XGBoost,-0.5406,-0.9051,0.6757,0.1124,0.0909,0.8100,1.2500,55.0000,Ca_%,date2,hyper_idx,24
XGBoost,-0.5869,-0.7647,0.3510,0.1141,0.0893,0.7900,1.2300,55.0000,Ca_%,date2,raw_smooth,300
XGBoost,-0.5989,-0.6560,0.3125,0.2251,0.1851,0.7900,0.8100,60.0000,Ca_%,date1,deriv1_snv,300
GBR,-0.6241,-0.7132,0.3189,0.2269,0.1817,0.7800,0.8000,60.0000,Ca_%,date1,pca_10,10
GBR,-0.6656,-0.9191,0.2717,0.1169,0.0921,0.7700,1.2000,55.0000,Ca_%,date2,raw_smooth,300
PLSR,-0.6869,-0.7671,0.5167,0.2312,0.1902,0.7700,0.7900,60.0000,Ca_%,date1,vip,58
GBR,-0.7867,-1.1486,0.6795,0.1211,0.0981,0.7500,1.1600,55.0000,Ca_%,date2,pca_10,10
XGBoost,-0.8085,-1.2894,1.2730,0.1218,0.1026,0.7400,1.1500,55.0000,Ca_%,date2,pca_10,10
GBR,-0.8624,-1.0719,0.6149,0.1236,0.0992,0.7300,1.1300,55.0000,Ca_%,date2,vip,116
XGBoost,-0.8675,-1.0974,0.7424,0.1238,0.0978,0.7300,1.1300,55.0000,Ca_%,date2,vip,116
PLSR,-1.1853,-1.4905,2.2265,0.2632,0.1862,0.6800,0.6900,60.0000,Ca_%,date1,pca_10,10
PLSR,-3.5897,-4.4834,7.0533,0.3814,0.2358,0.4700,0.4800,60.0000,Ca_%,date1,raw_smooth,300
PLSR,-5.2152,-10.2122,15.8795,0.2258,0.1307,0.4000,0.6200,55.0000,Ca_%,date2,hyper_idx,24
PLSR,-7.8771,-9.7672,14.4439,0.5304,0.3178,0.3400,0.3400,60.0000,Ca_%,date1,deriv1_snv,300
PLSR,-17.4780,-36.4564,69.0734,0.3893,0.1551,0.2300,0.3600,55.0000,Ca_%,date2,deriv1_snv,300
PLSR,-75.4919,-160.3806,313.8921,0.7921,0.2418,0.1100,0.1800,55.0000,Ca_%,date2,vip,116
PLSR,-92.2468,-192.6034,363.0451,0.8745,0.2724,0.1000,0.1600,55.0000,Ca_%,date2,raw_smooth,300
PLSR,-215.0163,-277.5966,554.3656,2.6165,0.5017,0.0700,0.0700,60.0000,Ca_%,date1,hyper_idx,24
PLSR,-2481.3957,-5328.1456,10628.5688,4.5121,0.8157,0.0200,0.0300,55.0000,Ca_%,date2,pca_10,10
1D-CNN-Attn,,,,,,,,,Ca_%,date2,raw_300,300
PLSR,0.3763,0.2801,0.1979,0.4610,0.3817,1.2700,1.8300,40.0000,Co_мг_кг,date1,cars_spa,11
PLSR,0.0946,-0.2345,1.0538,0.2962,0.2363,1.0500,1.3800,24.0000,Co_мг_кг,date2,cars_spa,6
ElasticNet,-0.0585,-0.1627,0.0743,0.6005,0.4902,0.9700,1.4100,40.0000,Co_мг_кг,date1,raw_smooth,300
ElasticNet,-0.0585,-0.1627,0.0743,0.6005,0.4902,0.9700,1.4100,40.0000,Co_мг_кг,date1,deriv1_snv,300
ElasticNet,-0.0585,-0.1627,0.0743,0.6005,0.4902,0.9700,1.4100,40.0000,Co_мг_кг,date1,pca_10,10
ElasticNet,-0.0585,-0.1627,0.0743,0.6005,0.4902,0.9700,1.4100,40.0000,Co_мг_кг,date1,cars_spa,11
ElasticNet,-0.0585,-0.1627,0.0743,0.6005,0.4902,0.9700,1.4100,40.0000,Co_мг_кг,date1,vip,53
ElasticNet,-0.0585,-0.1627,0.0743,0.6005,0.4902,0.9700,1.4100,40.0000,Co_мг_кг,date1,hyper_idx,24
ElasticNet,-0.0598,-0.2434,0.3339,0.3205,0.2535,0.9700,1.2800,24.0000,Co_мг_кг,date2,raw_smooth,300
ElasticNet,-0.0598,-0.2434,0.3339,0.3205,0.2535,0.9700,1.2800,24.0000,Co_мг_кг,date2,deriv1_snv,300
ElasticNet,-0.0598,-0.2434,0.3339,0.3205,0.2535,0.9700,1.2800,24.0000,Co_мг_кг,date2,pca_10,10
ElasticNet,-0.0598,-0.2434,0.3339,0.3205,0.2535,0.9700,1.2800,24.0000,Co_мг_кг,date2,cars_spa,6
ElasticNet,-0.0598,-0.2434,0.3339,0.3205,0.2535,0.9700,1.2800,24.0000,Co_мг_кг,date2,vip,82
ElasticNet,-0.0598,-0.2434,0.3339,0.3205,0.2535,0.9700,1.2800,24.0000,Co_мг_кг,date2,hyper_idx,24
SVR,-0.1132,-0.3102,0.4131,0.3285,0.2619,0.9500,1.2500,24.0000,Co_мг_кг,date2,deriv1_snv,300
SVR,-0.1827,-0.3966,0.4483,0.3385,0.2771,0.9200,1.2100,24.0000,Co_мг_кг,date2,raw_smooth,300
RF,-0.2372,-0.4346,0.2473,0.6493,0.5294,0.9000,1.3000,40.0000,Co_мг_кг,date1,cars_spa,11
SVR,-0.2407,-0.5035,0.4777,0.3467,0.2706,0.9000,1.1800,24.0000,Co_мг_кг,date2,hyper_idx,24
SVR,-0.2466,-0.4382,0.5501,0.6517,0.5124,0.9000,1.3000,40.0000,Co_мг_кг,date1,pca_10,10
SVR,-0.2482,-0.3800,0.5055,0.6521,0.5089,0.9000,1.3000,40.0000,Co_мг_кг,date1,vip,53
SVR,-0.2902,-0.4890,0.3796,0.3536,0.2829,0.8800,1.1600,24.0000,Co_мг_кг,date2,cars_spa,6
SVR,-0.3086,-0.4475,0.2681,0.6677,0.5342,0.8700,1.2700,40.0000,Co_мг_кг,date1,deriv1_snv,300
SVR,-0.3101,-0.6330,0.6562,0.3563,0.2878,0.8700,1.1500,24.0000,Co_мг_кг,date2,vip,82
RF,-0.3375,-0.5064,0.2757,0.6751,0.5452,0.8600,1.2500,40.0000,Co_мг_кг,date1,pca_10,10
RF,-0.3505,-0.4770,0.3027,0.6783,0.5654,0.8600,1.2500,40.0000,Co_мг_кг,date1,deriv1_snv,300
RF,-0.3641,-0.5505,0.3694,0.6817,0.5615,0.8600,1.2400,40.0000,Co_мг_кг,date1,hyper_idx,24
SVR,-0.3987,-0.8141,1.0440,0.3682,0.3101,0.8500,1.1100,24.0000,Co_мг_кг,date2,pca_10,10
RF,-0.4096,-0.6942,0.4520,0.3696,0.3009,0.8400,1.1100,24.0000,Co_мг_кг,date2,deriv1_snv,300
SVR,-0.4164,-0.6013,0.4693,0.6947,0.5727,0.8400,1.2200,40.0000,Co_мг_кг,date1,cars_spa,11
SVR,-0.4365,-0.6165,0.4925,0.6996,0.5767,0.8300,1.2100,40.0000,Co_мг_кг,date1,raw_smooth,300
GBR,-0.4371,-0.7176,0.5841,0.6997,0.5671,0.8300,1.2100,40.0000,Co_мг_кг,date1,cars_spa,11
GBR,-0.4549,-0.6546,0.2740,0.7040,0.5442,0.8300,1.2000,40.0000,Co_мг_кг,date1,pca_10,10
SVR,-0.4584,-0.6655,0.4732,0.7049,0.5864,0.8300,1.2000,40.0000,Co_мг_кг,date1,hyper_idx,24
RF,-0.4619,-0.6776,0.4006,0.7058,0.5907,0.8300,1.2000,40.0000,Co_мг_кг,date1,raw_smooth,300
GBR,-0.4673,-0.5785,0.5417,0.7071,0.5829,0.8300,1.2000,40.0000,Co_мг_кг,date1,hyper_idx,24
RF,-0.4895,-0.6661,0.2006,0.3799,0.3013,0.8200,1.0800,24.0000,Co_мг_кг,date2,hyper_idx,24
RF,-0.5318,-0.8230,0.9861,0.3853,0.3086,0.8100,1.0600,24.0000,Co_мг_кг,date2,cars_spa,6
RF,-0.5651,-0.8034,0.5622,0.7302,0.6125,0.8000,1.1600,40.0000,Co_мг_кг,date1,vip,53
RF,-0.5932,-0.8473,0.4955,0.3929,0.3227,0.7900,1.0400,24.0000,Co_мг_кг,date2,raw_smooth,300
GBR,-0.5940,-0.7882,0.4680,0.7370,0.5760,0.7900,1.1500,40.0000,Co_мг_кг,date1,vip,53
XGBoost,-0.6046,-0.6719,0.4281,0.3943,0.2882,0.7900,1.0400,24.0000,Co_мг_кг,date2,hyper_idx,24
RF,-0.6334,-0.9654,0.5135,0.3979,0.3319,0.7800,1.0300,24.0000,Co_мг_кг,date2,vip,82
GBR,-0.6371,-0.9188,0.6510,0.7468,0.6123,0.7800,1.1300,40.0000,Co_мг_кг,date1,raw_smooth,300
XGBoost,-0.6499,-0.8027,0.5144,0.7497,0.6080,0.7800,1.1300,40.0000,Co_мг_кг,date1,raw_smooth,300
XGBoost,-0.6499,-0.7958,0.2730,0.7497,0.5921,0.7800,1.1300,40.0000,Co_мг_кг,date1,hyper_idx,24
XGBoost,-0.6918,-0.8968,0.6616,0.7592,0.6212,0.7700,1.1100,40.0000,Co_мг_кг,date1,vip,53
RF,-0.6983,-1.1629,0.8460,0.4057,0.3438,0.7700,1.0100,24.0000,Co_мг_кг,date2,pca_10,10
XGBoost,-0.7051,-1.5147,1.7474,0.4065,0.3623,0.7700,1.0100,24.0000,Co_мг_кг,date2,pca_10,10
GBR,-0.7182,-1.1463,1.1905,0.4081,0.3394,0.7600,1.0000,24.0000,Co_мг_кг,date2,cars_spa,6
XGBoost,-0.7548,-1.1139,0.7278,0.7732,0.6416,0.7500,1.0900,40.0000,Co_мг_кг,date1,cars_spa,11
GBR,-0.7607,-0.9776,0.4560,0.7745,0.6543,0.7500,1.0900,40.0000,Co_мг_кг,date1,deriv1_snv,300
GBR,-0.7808,-1.0953,0.9222,0.4154,0.3108,0.7500,0.9900,24.0000,Co_мг_кг,date2,deriv1_snv,300
GBR,-0.7840,-1.0495,0.4597,0.4158,0.3317,0.7500,0.9900,24.0000,Co_мг_кг,date2,hyper_idx,24
PLSR,-0.8232,-1.0527,0.7078,0.4203,0.3353,0.7400,0.9800,24.0000,Co_мг_кг,date2,deriv1_snv,300
GBR,-0.8721,-1.5832,1.4117,0.4259,0.3699,0.7300,0.9600,24.0000,Co_мг_кг,date2,vip,82
XGBoost,-0.9009,-1.1281,0.5767,0.8048,0.6873,0.7300,1.0500,40.0000,Co_мг_кг,date1,deriv1_snv,300
XGBoost,-0.9201,-1.1993,0.3628,0.8088,0.6360,0.7200,1.0500,40.0000,Co_мг_кг,date1,pca_10,10
XGBoost,-0.9455,-1.6122,1.0287,0.4342,0.3468,0.7200,0.9400,24.0000,Co_мг_кг,date2,deriv1_snv,300
PLSR,-0.9938,-1.5751,1.8312,0.8242,0.6166,0.7100,1.0300,40.0000,Co_мг_кг,date1,vip,53
GBR,-1.0337,-1.6894,1.6718,0.4439,0.3778,0.7000,0.9200,24.0000,Co_мг_кг,date2,raw_smooth,300
XGBoost,-1.0723,-1.6082,1.4476,0.4481,0.3639,0.6900,0.9100,24.0000,Co_мг_кг,date2,cars_spa,6
GBR,-1.0874,-1.6331,0.8594,0.4498,0.3888,0.6900,0.9100,24.0000,Co_мг_кг,date2,pca_10,10
XGBoost,-1.5158,-1.9682,1.2752,0.4938,0.3921,0.6300,0.8300,24.0000,Co_мг_кг,date2,raw_smooth,300
PLSR,-1.5624,-1.9294,1.2363,0.9344,0.7330,0.6200,0.9000,40.0000,Co_мг_кг,date1,pca_10,10
XGBoost,-1.5876,-1.9717,0.8491,0.5008,0.4084,0.6200,0.8200,24.0000,Co_мг_кг,date2,vip,82
PLSR,-1.8610,-2.1927,1.4700,0.5265,0.4351,0.5900,0.7800,24.0000,Co_мг_кг,date2,pca_10,10
PLSR,-1.9342,-2.5840,1.2518,0.9999,0.8560,0.5800,0.8500,40.0000,Co_мг_кг,date1,raw_smooth,300
PLSR,-3.4087,-5.4148,4.9635,0.6536,0.5263,0.4800,0.6300,24.0000,Co_мг_кг,date2,raw_smooth,300
PLSR,-3.7966,-6.7365,10.2303,0.6818,0.4897,0.4600,0.6000,24.0000,Co_мг_кг,date2,vip,82
PLSR,-4.8747,-6.5838,10.6233,1.4148,0.8754,0.4100,0.6000,40.0000,Co_мг_кг,date1,deriv1_snv,300
PLSR,-8.9379,-15.7092,22.5719,0.9814,0.6304,0.3200,0.4200,24.0000,Co_мг_кг,date2,hyper_idx,24
PLSR,-663.2097,-908.2333,1810.0216,15.0434,3.2606,0.0400,0.0600,40.0000,Co_мг_кг,date1,hyper_idx,24
PLSR,0.0335,-0.1214,0.2761,2.4256,1.7570,1.0200,0.7400,59.0000,Cu_мг_кг,date1,cars_spa,6
SVR,0.0021,0.0195,0.1376,1.6469,1.1503,1.0000,1.0000,55.0000,Cu_мг_кг,date2,raw_smooth,300
RF,0.0018,-0.1436,0.2960,2.4651,1.8187,1.0000,0.7300,59.0000,Cu_мг_кг,date1,cars_spa,6
SVR,-0.0012,0.0269,0.1599,1.6496,1.1487,1.0000,0.9900,55.0000,Cu_мг_кг,date2,vip,98
ElasticNet,-0.0145,-0.0548,0.0346,1.6606,1.1952,0.9900,0.9900,55.0000,Cu_мг_кг,date2,hyper_idx,24
ElasticNet,-0.0169,-0.0607,0.0450,1.6625,1.2058,0.9900,0.9900,55.0000,Cu_мг_кг,date2,raw_smooth,300
ElasticNet,-0.0169,-0.0607,0.0450,1.6625,1.2058,0.9900,0.9900,55.0000,Cu_мг_кг,date2,pca_10,10
ElasticNet,-0.0169,-0.0607,0.0450,1.6625,1.2058,0.9900,0.9900,55.0000,Cu_мг_кг,date2,vip,98
ElasticNet,-0.0335,-0.0740,0.0289,1.6761,1.2166,0.9800,0.9800,55.0000,Cu_мг_кг,date2,deriv1_snv,300
ElasticNet,-0.0468,-0.1041,0.0915,2.5244,1.8511,0.9800,0.7100,59.0000,Cu_мг_кг,date1,hyper_idx,24
ElasticNet,-0.0498,-0.1128,0.0869,2.5280,1.8592,0.9800,0.7100,59.0000,Cu_мг_кг,date1,pca_10,10
ElasticNet,-0.0509,-0.1164,0.0812,2.5294,1.8628,0.9800,0.7100,59.0000,Cu_мг_кг,date1,cars_spa,6
ElasticNet,-0.0576,-0.1321,0.0811,2.5374,1.8684,0.9700,0.7100,59.0000,Cu_мг_кг,date1,raw_smooth,300
ElasticNet,-0.0576,-0.1321,0.0811,2.5374,1.8684,0.9700,0.7100,59.0000,Cu_мг_кг,date1,vip,61
ElasticNet,-0.0636,-0.1228,0.1114,2.5446,1.8991,0.9700,0.7100,59.0000,Cu_мг_кг,date1,deriv1_snv,300
SVR,-0.0696,-0.0512,0.2127,1.7051,1.1881,0.9700,0.9600,55.0000,Cu_мг_кг,date2,deriv1_snv,300
RF,-0.0811,-0.1210,0.2302,1.7142,1.1892,0.9600,0.9600,55.0000,Cu_мг_кг,date2,raw_smooth,300
SVR,-0.0914,-0.1986,0.1803,2.5776,1.6761,0.9600,0.7000,59.0000,Cu_мг_кг,date1,pca_10,10
SVR,-0.0983,-0.1982,0.1761,2.5858,1.6636,0.9500,0.6900,59.0000,Cu_мг_кг,date1,hyper_idx,24
SVR,-0.1124,-0.1958,0.1517,2.6024,1.6211,0.9500,0.6900,59.0000,Cu_мг_кг,date1,deriv1_snv,300
SVR,-0.1172,-0.1422,0.2721,1.7426,1.2341,0.9500,0.9400,55.0000,Cu_мг_кг,date2,hyper_idx,24
SVR,-0.1182,-0.0881,0.1930,1.7434,1.2155,0.9500,0.9400,55.0000,Cu_мг_кг,date2,pca_10,10
GBR,-0.1208,-0.1421,0.2412,1.7454,1.1432,0.9400,0.9400,55.0000,Cu_мг_кг,date2,raw_smooth,300
SVR,-0.1499,-0.2178,0.1724,2.6458,1.6961,0.9300,0.6800,59.0000,Cu_мг_кг,date1,vip,61
RF,-0.1671,-0.3240,0.3204,2.6655,2.0021,0.9300,0.6700,59.0000,Cu_мг_кг,date1,raw_smooth,300
RF,-0.1775,-0.3098,0.2897,2.6774,2.0211,0.9200,0.6700,59.0000,Cu_мг_кг,date1,vip,61
SVR,-0.1786,-0.2647,0.1209,2.6786,1.7817,0.9200,0.6700,59.0000,Cu_мг_кг,date1,cars_spa,6
RF,-0.1849,-0.4141,0.4672,2.6858,2.0213,0.9200,0.6700,59.0000,Cu_мг_кг,date1,pca_10,10
SVR,-0.1933,-0.2554,0.1802,2.6953,1.7113,0.9200,0.6700,59.0000,Cu_мг_кг,date1,raw_smooth,300
GBR,-0.2038,-0.3206,0.2210,2.7071,1.8814,0.9100,0.6600,59.0000,Cu_мг_кг,date1,cars_spa,6
RF,-0.2146,-0.2775,0.1377,1.8170,1.3209,0.9100,0.9000,55.0000,Cu_мг_кг,date2,deriv1_snv,300
XGBoost,-0.2299,-0.5604,0.8840,2.7363,1.9663,0.9000,0.6600,59.0000,Cu_мг_кг,date1,raw_smooth,300
RF,-0.2323,-0.3037,0.3039,1.8302,1.3284,0.9000,0.9000,55.0000,Cu_мг_кг,date2,pca_10,10
XGBoost,-0.2466,-0.2577,0.3997,1.8407,1.3318,0.9000,0.8900,55.0000,Cu_мг_кг,date2,pca_10,10
GBR,-0.2501,-0.3504,0.6415,1.8433,1.4401,0.8900,0.8900,55.0000,Cu_мг_кг,date2,pca_10,10
RF,-0.2514,-0.4530,0.3319,2.7602,2.1105,0.8900,0.6500,59.0000,Cu_мг_кг,date1,deriv1_snv,300
GBR,-0.2833,-0.3425,0.2914,1.8676,1.4322,0.8800,0.8800,55.0000,Cu_мг_кг,date2,deriv1_snv,300
RF,-0.2916,-0.2717,0.3041,1.8737,1.2687,0.8800,0.8800,55.0000,Cu_мг_кг,date2,vip,98
GBR,-0.3232,-0.5543,0.3939,2.8382,2.1373,0.8700,0.6300,59.0000,Cu_мг_кг,date1,pca_10,10
XGBoost,-0.3731,-0.7377,0.9128,2.8912,2.1417,0.8500,0.6200,59.0000,Cu_мг_кг,date1,vip,61
RF,-0.4103,-0.9010,1.1674,2.9301,2.2213,0.8400,0.6100,59.0000,Cu_мг_кг,date1,hyper_idx,24
XGBoost,-0.4476,-0.5623,0.3739,1.9836,1.4053,0.8300,0.8300,55.0000,Cu_мг_кг,date2,raw_smooth,300
GBR,-0.4641,-0.4717,0.4369,1.9949,1.4332,0.8300,0.8200,55.0000,Cu_мг_кг,date2,vip,98
XGBoost,-0.4657,-0.8155,0.6151,2.9871,2.1592,0.8300,0.6000,59.0000,Cu_мг_кг,date1,pca_10,10
GBR,-0.4834,-0.7977,0.8866,3.0051,2.1907,0.8200,0.6000,59.0000,Cu_мг_кг,date1,raw_smooth,300
GBR,-0.4936,-0.7515,0.5809,3.0154,2.1499,0.8200,0.6000,59.0000,Cu_мг_кг,date1,vip,61
RF,-0.5119,-0.6759,0.6515,2.0271,1.4309,0.8100,0.8100,55.0000,Cu_мг_кг,date2,hyper_idx,24
GBR,-0.5658,-1.0133,0.9337,3.0874,2.4453,0.8000,0.5800,59.0000,Cu_мг_кг,date1,deriv1_snv,300
XGBoost,-0.5724,-0.7629,1.0307,2.0673,1.5719,0.8000,0.7900,55.0000,Cu_мг_кг,date2,deriv1_snv,300
GBR,-0.5783,-1.2253,1.4843,3.0997,2.4199,0.8000,0.5800,59.0000,Cu_мг_кг,date1,hyper_idx,24
XGBoost,-0.5949,-1.3194,2.0731,3.1160,2.2518,0.7900,0.5800,59.0000,Cu_мг_кг,date1,hyper_idx,24
GBR,-0.6037,-0.8536,0.5896,2.0878,1.5131,0.7900,0.7900,55.0000,Cu_мг_кг,date2,hyper_idx,24
XGBoost,-0.6094,-1.1222,0.9538,3.1301,2.1087,0.7900,0.5700,59.0000,Cu_мг_кг,date1,cars_spa,6
XGBoost,-0.7138,-0.7340,0.3516,2.1583,1.4929,0.7600,0.7600,55.0000,Cu_мг_кг,date2,vip,98
XGBoost,-0.9838,-1.7242,2.1906,3.4751,2.6203,0.7100,0.5200,59.0000,Cu_мг_кг,date1,deriv1_snv,300
XGBoost,-1.4593,-2.1184,2.1699,2.5854,1.8614,0.6400,0.6300,55.0000,Cu_мг_кг,date2,hyper_idx,24
PLSR,-2.2056,-3.7300,3.3388,4.4175,3.0523,0.5600,0.4100,59.0000,Cu_мг_кг,date1,vip,61
PLSR,-2.6928,-4.0611,6.0696,4.7414,2.7420,0.5200,0.3800,59.0000,Cu_мг_кг,date1,pca_10,10
PLSR,-5.3339,-7.7855,4.9606,6.2096,4.4205,0.4000,0.2900,59.0000,Cu_мг_кг,date1,deriv1_snv,300
PLSR,-5.7482,-8.5635,9.5038,6.4095,3.9828,0.3800,0.2800,59.0000,Cu_мг_кг,date1,raw_smooth,300
PLSR,-7.1779,-12.3626,17.2265,4.7146,2.4658,0.3500,0.3500,55.0000,Cu_мг_кг,date2,hyper_idx,24
PLSR,-29.6076,-50.5570,100.1451,9.1210,3.2503,0.1800,0.1800,55.0000,Cu_мг_кг,date2,vip,98
PLSR,-39.3604,-68.1898,118.7021,10.4738,3.4309,0.1600,0.1600,55.0000,Cu_мг_кг,date2,deriv1_snv,300
PLSR,-557.9484,-958.7887,1893.3662,38.9775,7.9516,0.0400,0.0400,55.0000,Cu_мг_кг,date2,raw_smooth,300
PLSR,-860.7468,-1235.5121,2469.8952,72.4299,11.6266,0.0300,0.0200,59.0000,Cu_мг_кг,date1,hyper_idx,24
PLSR,-5111.5250,-8779.6958,17505.5790,117.8815,20.6940,0.0100,0.0100,55.0000,Cu_мг_кг,date2,pca_10,10
PLSR,0.0474,-0.4910,1.0896,66.5977,57.3899,1.0200,1.4400,60.0000,Fe_мг_кг,date1,cars_spa,25
RF,-0.0374,-0.0668,0.1001,113.2862,85.8939,0.9800,1.2400,55.0000,Fe_мг_кг,date2,deriv1_snv,300
SVR,-0.0479,-0.0447,0.0692,113.8601,86.7892,0.9800,1.2300,55.0000,Fe_мг_кг,date2,raw_smooth,300
SVR,-0.0480,-0.0447,0.0693,113.8644,86.8412,0.9800,1.2300,55.0000,Fe_мг_кг,date2,vip,114
SVR,-0.0502,-0.0465,0.0700,113.9863,86.7352,0.9800,1.2300,55.0000,Fe_мг_кг,date2,deriv1_snv,300
SVR,-0.0514,-0.0485,0.0684,114.0475,86.9520,0.9800,1.2300,55.0000,Fe_мг_кг,date2,pca_10,10
SVR,-0.0526,-0.0476,0.0732,114.1135,86.3796,0.9700,1.2300,55.0000,Fe_мг_кг,date2,hyper_idx,24
ElasticNet,-0.0773,-0.0924,0.0936,115.4452,92.2191,0.9600,1.2200,55.0000,Fe_мг_кг,date2,vip,114
GBR,-0.1126,-0.1605,0.2540,117.3221,89.2017,0.9500,1.2000,55.0000,Fe_мг_кг,date2,deriv1_snv,300
ElasticNet,-0.1296,-0.1630,0.2170,118.2157,94.1817,0.9400,1.1900,55.0000,Fe_мг_кг,date2,raw_smooth,300
ElasticNet,-0.1364,-0.4839,0.5364,72.7381,58.6060,0.9400,1.3200,60.0000,Fe_мг_кг,date1,cars_spa,25
SVR,-0.1590,-0.4390,0.4701,73.4601,59.3439,0.9300,1.3100,60.0000,Fe_мг_кг,date1,raw_smooth,300
SVR,-0.1601,-0.4472,0.4793,73.4936,59.4730,0.9300,1.3100,60.0000,Fe_мг_кг,date1,vip,59
GBR,-0.1612,-0.5126,0.6228,73.5290,54.9160,0.9300,1.3100,60.0000,Fe_мг_кг,date1,cars_spa,25
SVR,-0.1633,-0.4413,0.4712,73.5939,59.3573,0.9300,1.3100,60.0000,Fe_мг_кг,date1,cars_spa,25
RF,-0.1777,-0.2668,0.3524,120.7050,92.1685,0.9200,1.1600,55.0000,Fe_мг_кг,date2,vip,114
ElasticNet,-0.1803,-0.6326,0.6957,74.1307,59.3891,0.9200,1.3000,60.0000,Fe_мг_кг,date1,pca_10,10
SVR,-0.1812,-0.4847,0.5102,74.1589,60.2642,0.9200,1.3000,60.0000,Fe_мг_кг,date1,pca_10,10
SVR,-0.1841,-0.4933,0.5309,74.2514,60.4125,0.9200,1.3000,60.0000,Fe_мг_кг,date1,deriv1_snv,300
SVR,-0.1872,-0.4936,0.5287,74.3476,60.3034,0.9200,1.2900,60.0000,Fe_мг_кг,date1,hyper_idx,24
ElasticNet,-0.1926,-0.2390,0.2529,121.4667,96.4900,0.9200,1.1600,55.0000,Fe_мг_кг,date2,pca_10,10
RF,-0.2041,-0.6780,0.8289,74.8735,58.5297,0.9100,1.2800,60.0000,Fe_мг_кг,date1,cars_spa,25
RF,-0.2174,-0.2485,0.2820,122.7206,94.5513,0.9100,1.1400,55.0000,Fe_мг_кг,date2,raw_smooth,300
RF,-0.2182,-0.6366,0.6373,75.3110,60.9715,0.9100,1.2800,60.0000,Fe_мг_кг,date1,deriv1_snv,300
XGBoost,-0.2199,-0.3912,0.6959,122.8491,90.6882,0.9100,1.1400,55.0000,Fe_мг_кг,date2,deriv1_snv,300
XGBoost,-0.2514,-0.8425,1.1527,76.3309,59.9991,0.8900,1.2600,60.0000,Fe_мг_кг,date1,cars_spa,25
RF,-0.2613,-0.4359,0.5299,124.9151,103.8169,0.8900,1.1200,55.0000,Fe_мг_кг,date2,pca_10,10
RF,-0.2892,-0.9698,1.2664,77.4740,61.6677,0.8800,1.2400,60.0000,Fe_мг_кг,date1,pca_10,10
RF,-0.2933,-0.4271,0.4059,126.4919,98.4752,0.8800,1.1100,55.0000,Fe_мг_кг,date2,hyper_idx,24
ElasticNet,-0.3069,-0.7648,0.7317,78.0044,63.2582,0.8700,1.2300,60.0000,Fe_мг_кг,date1,raw_smooth,300
XGBoost,-0.3106,-0.3942,0.4688,127.3338,95.4851,0.8700,1.1000,55.0000,Fe_мг_кг,date2,vip,114
GBR,-0.3154,-0.4376,0.5858,127.5663,91.0392,0.8700,1.1000,55.0000,Fe_мг_кг,date2,vip,114
RF,-0.3240,-0.7249,0.6085,78.5155,62.4930,0.8700,1.2300,60.0000,Fe_мг_кг,date1,raw_smooth,300
PLSR,-0.3379,-0.9403,0.9462,78.9246,62.3846,0.8600,1.2200,60.0000,Fe_мг_кг,date1,pca_10,10
ElasticNet,-0.3523,-0.8115,0.7740,79.3495,63.1619,0.8600,1.2100,60.0000,Fe_мг_кг,date1,vip,59
GBR,-0.3677,-0.6990,0.5018,79.7996,64.6512,0.8600,1.2100,60.0000,Fe_мг_кг,date1,raw_smooth,300
GBR,-0.3701,-0.5983,0.5975,130.1939,106.6389,0.8500,1.0800,55.0000,Fe_мг_кг,date2,pca_10,10
RF,-0.3937,-0.7536,0.5420,80.5551,64.2980,0.8500,1.1900,60.0000,Fe_мг_кг,date1,vip,59
GBR,-0.4133,-0.9312,0.9561,81.1178,64.7173,0.8400,1.1900,60.0000,Fe_мг_кг,date1,deriv1_snv,300
XGBoost,-0.4454,-0.4943,0.6654,133.7235,99.1554,0.8300,1.0500,55.0000,Fe_мг_кг,date2,raw_smooth,300
GBR,-0.4639,-0.5331,0.5301,134.5746,100.0717,0.8300,1.0400,55.0000,Fe_мг_кг,date2,raw_smooth,300
GBR,-0.4675,-1.3300,1.5621,82.6595,65.1035,0.8300,1.1600,60.0000,Fe_мг_кг,date1,pca_10,10
XGBoost,-0.4801,-0.7338,0.7661,135.3196,107.2292,0.8200,1.0400,55.0000,Fe_мг_кг,date2,pca_10,10
RF,-0.4907,-1.3275,1.5170,83.3117,68.1359,0.8200,1.1500,60.0000,Fe_мг_кг,date1,hyper_idx,24
GBR,-0.5081,-0.7742,0.3710,83.7958,65.6003,0.8100,1.1500,60.0000,Fe_мг_кг,date1,vip,59
XGBoost,-0.5277,-0.8181,1.0123,137.4768,111.4787,0.8100,1.0200,55.0000,Fe_мг_кг,date2,hyper_idx,24
GBR,-0.5301,-0.6646,0.5108,137.5842,108.3626,0.8100,1.0200,55.0000,Fe_мг_кг,date2,hyper_idx,24
XGBoost,-0.5663,-0.9909,0.4988,85.3959,68.4799,0.8000,1.1300,60.0000,Fe_мг_кг,date1,deriv1_snv,300
XGBoost,-0.5834,-1.6474,2.2410,85.8609,67.0844,0.7900,1.1200,60.0000,Fe_мг_кг,date1,pca_10,10
XGBoost,-0.6513,-1.5103,1.4138,87.6827,69.1232,0.7800,1.1000,60.0000,Fe_мг_кг,date1,hyper_idx,24
XGBoost,-0.6908,-1.0899,0.4559,88.7266,67.7564,0.7700,1.0800,60.0000,Fe_мг_кг,date1,raw_smooth,300
ElasticNet,-0.7250,-0.9031,0.9871,146.0845,112.1852,0.7600,0.9600,55.0000,Fe_мг_кг,date2,hyper_idx,24
ElasticNet,-0.7446,-1.6314,1.5095,90.1254,74.2920,0.7600,1.0700,60.0000,Fe_мг_кг,date1,deriv1_snv,300
XGBoost,-0.7672,-1.2096,0.4728,90.7082,71.7509,0.7500,1.0600,60.0000,Fe_мг_кг,date1,vip,59
PLSR,-0.8685,-1.6363,1.1782,93.2728,71.9917,0.7300,1.0300,60.0000,Fe_мг_кг,date1,vip,59
GBR,-0.9099,-1.9764,1.8600,94.2992,76.5058,0.7200,1.0200,60.0000,Fe_мг_кг,date1,hyper_idx,24
PLSR,-1.9137,-3.9275,3.8702,116.4733,92.0213,0.5900,0.8300,60.0000,Fe_мг_кг,date1,raw_smooth,300
ElasticNet,-2.9852,-5.6199,10.1383,222.0417,124.4755,0.5000,0.6300,55.0000,Fe_мг_кг,date2,deriv1_snv,300
PLSR,-3.0649,-5.5140,4.6694,137.5711,105.7534,0.5000,0.7000,60.0000,Fe_мг_кг,date1,deriv1_snv,300
PLSR,-10.8927,-14.7186,19.2002,383.5746,218.6666,0.2900,0.3700,55.0000,Fe_мг_кг,date2,hyper_idx,24
PLSR,-20.4747,-38.4061,67.3814,515.4337,211.3812,0.2200,0.2700,55.0000,Fe_мг_кг,date2,deriv1_snv,300
PLSR,-121.3509,-155.2147,259.7005,1230.3050,349.4268,0.0900,0.1100,55.0000,Fe_мг_кг,date2,raw_smooth,300
PLSR,-128.3254,-169.7069,257.0825,1264.8852,345.3808,0.0900,0.1100,55.0000,Fe_мг_кг,date2,vip,114
ElasticNet,-203.9565,-291.4849,581.4815,976.8659,184.2956,0.0700,0.1000,60.0000,Fe_мг_кг,date1,hyper_idx,24
PLSR,-1122.0552,-1357.0404,2712.1498,3727.4325,805.2248,0.0300,0.0400,55.0000,Fe_мг_кг,date2,pca_10,10
PLSR,-7044.5157,-10053.8399,20104.6054,5727.4389,806.9043,0.0100,0.0200,60.0000,Fe_мг_кг,date1,hyper_idx,24
SVR,0.1852,0.0718,0.1635,0.6346,0.5136,1.1100,1.6500,60.0000,K_%,date1,hyper_idx,24
RF,0.1714,0.0967,0.0764,0.6399,0.5094,1.1000,1.6400,60.0000,K_%,date1,hyper_idx,24
GBR,0.0774,-0.0803,0.2902,0.6753,0.5391,1.0400,1.5500,60.0000,K_%,date1,vip,64
SVR,0.0187,-0.1313,0.1511,0.6964,0.5785,1.0100,1.5000,60.0000,K_%,date1,raw_smooth,300
SVR,-0.0068,-0.1727,0.2437,0.7054,0.5708,1.0000,1.4800,60.0000,K_%,date1,pca_10,10
GBR,-0.0100,-0.1661,0.1339,0.7065,0.5725,1.0000,1.4800,60.0000,K_%,date1,raw_smooth,300
RF,-0.0136,-0.1779,0.2249,0.7078,0.5659,0.9900,1.4800,60.0000,K_%,date1,vip,64
SVR,-0.0203,-0.1392,0.2009,0.7101,0.5843,0.9900,1.4800,60.0000,K_%,date1,vip,64
RF,-0.0210,-0.1854,0.2321,0.7104,0.5694,0.9900,1.4700,60.0000,K_%,date1,raw_smooth,300
GBR,-0.0499,-0.2075,0.2001,0.7203,0.5721,0.9800,1.4500,60.0000,K_%,date1,hyper_idx,24
ElasticNet,-0.0558,-0.1526,0.0983,0.7224,0.5965,0.9700,1.4500,60.0000,K_%,date1,raw_smooth,300
ElasticNet,-0.0558,-0.1526,0.0983,0.7224,0.5965,0.9700,1.4500,60.0000,K_%,date1,deriv1_snv,300
ElasticNet,-0.0558,-0.1526,0.0983,0.7224,0.5965,0.9700,1.4500,60.0000,K_%,date1,pca_10,10
ElasticNet,-0.0558,-0.1526,0.0983,0.7224,0.5965,0.9700,1.4500,60.0000,K_%,date1,vip,64
ElasticNet,-0.0558,-0.1526,0.0983,0.7224,0.5965,0.9700,1.4500,60.0000,K_%,date1,hyper_idx,24
RF,-0.1028,-0.2548,0.1377,0.7383,0.5864,0.9500,1.4200,60.0000,K_%,date1,pca_10,10
ElasticNet,-0.1269,-0.4940,0.3444,0.6138,0.4826,0.9400,1.1600,55.0000,K_%,date2,raw_smooth,300
ElasticNet,-0.1269,-0.4940,0.3444,0.6138,0.4826,0.9400,1.1600,55.0000,K_%,date2,deriv1_snv,300
ElasticNet,-0.1269,-0.4940,0.3444,0.6138,0.4826,0.9400,1.1600,55.0000,K_%,date2,pca_10,10
ElasticNet,-0.1269,-0.4940,0.3444,0.6138,0.4826,0.9400,1.1600,55.0000,K_%,date2,vip,114
ElasticNet,-0.1269,-0.4940,0.3444,0.6138,0.4826,0.9400,1.1600,55.0000,K_%,date2,hyper_idx,24
SVR,-0.1312,-0.4302,0.1862,0.6149,0.4670,0.9400,1.1600,55.0000,K_%,date2,raw_smooth,300
SVR,-0.1373,-0.4212,0.1962,0.6166,0.4628,0.9400,1.1600,55.0000,K_%,date2,vip,114
SVR,-0.1488,-0.5357,0.2256,0.6197,0.4897,0.9300,1.1500,55.0000,K_%,date2,deriv1_snv,300
SVR,-0.1686,-0.3040,0.1020,0.7600,0.6364,0.9300,1.3800,60.0000,K_%,date1,deriv1_snv,300
RF,-0.1849,-0.4615,0.3187,0.6294,0.4955,0.9200,1.1400,55.0000,K_%,date2,deriv1_snv,300
GBR,-0.1902,-0.3447,0.2547,0.7670,0.5939,0.9200,1.3700,60.0000,K_%,date1,pca_10,10
XGBoost,-0.2045,-0.3437,0.2880,0.7716,0.6179,0.9100,1.3600,60.0000,K_%,date1,hyper_idx,24
RF,-0.2329,-0.5784,0.2089,0.6420,0.4962,0.9000,1.1100,55.0000,K_%,date2,pca_10,10
RF,-0.2396,-0.6644,0.2408,0.6437,0.4972,0.9000,1.1100,55.0000,K_%,date2,raw_smooth,300
SVR,-0.2544,-0.6026,0.2639,0.6476,0.5060,0.8900,1.1000,55.0000,K_%,date2,pca_10,10
XGBoost,-0.2605,-0.4808,0.2990,0.7893,0.6287,0.8900,1.3300,60.0000,K_%,date1,pca_10,10
RF,-0.2778,-0.4251,0.0862,0.7947,0.6519,0.8800,1.3200,60.0000,K_%,date1,deriv1_snv,300
GBR,-0.2921,-0.5603,0.4002,0.6572,0.5181,0.8800,1.0900,55.0000,K_%,date2,deriv1_snv,300
SVR,-0.3028,-0.7693,0.4198,0.6599,0.5082,0.8800,1.0800,55.0000,K_%,date2,hyper_idx,24
XGBoost,-0.3034,-0.7166,0.8997,0.8026,0.6469,0.8800,1.3100,60.0000,K_%,date1,vip,64
RF,-0.3076,-0.6792,0.4084,0.6611,0.4979,0.8700,1.0800,55.0000,K_%,date2,vip,114
XGBoost,-0.3194,-0.6344,0.3558,0.6641,0.5417,0.8700,1.0800,55.0000,K_%,date2,deriv1_snv,300
PLSR,-0.3653,-0.6211,0.5684,0.8215,0.6491,0.8600,1.2800,60.0000,K_%,date1,pca_10,10
RF,-0.4213,-0.9034,0.3095,0.6893,0.5667,0.8400,1.0400,55.0000,K_%,date2,hyper_idx,24
GBR,-0.4448,-0.8430,0.1060,0.6950,0.5158,0.8300,1.0300,55.0000,K_%,date2,raw_smooth,300
XGBoost,-0.4738,-0.7386,0.4274,0.8535,0.6995,0.8200,1.2300,60.0000,K_%,date1,deriv1_snv,300
GBR,-0.4791,-0.7353,0.4131,0.8550,0.7082,0.8200,1.2300,60.0000,K_%,date1,deriv1_snv,300
XGBoost,-0.4892,-1.0328,0.9314,0.7056,0.5364,0.8200,1.0100,55.0000,K_%,date2,vip,114
XGBoost,-0.5168,-0.9600,0.8212,0.8658,0.6971,0.8100,1.2100,60.0000,K_%,date1,raw_smooth,300
GBR,-0.5421,-1.0940,0.3588,0.7180,0.5796,0.8100,1.0000,55.0000,K_%,date2,pca_10,10
XGBoost,-0.5598,-1.1137,0.2171,0.7221,0.5887,0.8000,0.9900,55.0000,K_%,date2,pca_10,10
GBR,-0.6539,-1.0964,0.8389,0.7435,0.5257,0.7800,0.9600,55.0000,K_%,date2,vip,114
XGBoost,-0.9948,-1.5923,0.4192,0.8166,0.6430,0.7100,0.8800,55.0000,K_%,date2,raw_smooth,300
GBR,-1.0104,-1.7010,0.4342,0.8198,0.6757,0.7100,0.8700,55.0000,K_%,date2,hyper_idx,24
XGBoost,-1.0411,-2.0574,1.2517,0.8260,0.6860,0.7000,0.8700,55.0000,K_%,date2,hyper_idx,24
PLSR,-1.4168,-1.6970,0.6690,1.0929,0.8585,0.6400,0.9600,60.0000,K_%,date1,vip,64
PLSR,-2.9598,-3.9368,1.5508,1.3990,1.1455,0.5000,0.7500,60.0000,K_%,date1,deriv1_snv,300
PLSR,-3.4619,-8.8704,12.5180,1.2213,0.7171,0.4700,0.5900,55.0000,K_%,date2,hyper_idx,24
PLSR,-4.3391,-5.2098,3.6346,1.6244,1.1781,0.4300,0.6400,60.0000,K_%,date1,raw_smooth,300
PLSR,-16.5400,-44.1096,71.3994,2.4214,1.0865,0.2400,0.3000,55.0000,K_%,date2,deriv1_snv,300
PLSR,-205.7331,-621.2298,1236.4673,8.3130,2.2136,0.0700,0.0900,55.0000,K_%,date2,vip,114
PLSR,-223.5220,-589.8671,942.1011,8.6633,2.3708,0.0700,0.0800,55.0000,K_%,date2,raw_smooth,300
PLSR,-1086.8033,-966.1599,1931.0175,23.1870,3.6206,0.0300,0.0500,60.0000,K_%,date1,hyper_idx,24
PLSR,-3848.2083,-11282.3085,21452.6482,35.8707,7.9215,0.0200,0.0200,55.0000,K_%,date2,pca_10,10
1D-CNN-Attn,,,,,,,,,K_%,date2,raw_300,300
PLSR,0.0059,-0.2023,0.4291,0.1054,0.0829,1.0000,1.1100,60.0000,Mg_%,date1,cars_spa,6
ElasticNet,-0.0104,-0.0404,0.0431,0.0448,0.0372,0.9900,1.2400,55.0000,Mg_%,date2,raw_smooth,300
ElasticNet,-0.0104,-0.0404,0.0431,0.0448,0.0372,0.9900,1.2400,55.0000,Mg_%,date2,deriv1_snv,300
ElasticNet,-0.0104,-0.0404,0.0431,0.0448,0.0372,0.9900,1.2400,55.0000,Mg_%,date2,pca_10,10
ElasticNet,-0.0104,-0.0404,0.0431,0.0448,0.0372,0.9900,1.2400,55.0000,Mg_%,date2,vip,98
ElasticNet,-0.0104,-0.0404,0.0431,0.0448,0.0372,0.9900,1.2400,55.0000,Mg_%,date2,hyper_idx,24
ElasticNet,-0.0360,-0.1777,0.2871,0.1076,0.0831,0.9800,1.0900,60.0000,Mg_%,date1,raw_smooth,300
ElasticNet,-0.0360,-0.1777,0.2871,0.1076,0.0831,0.9800,1.0900,60.0000,Mg_%,date1,deriv1_snv,300
ElasticNet,-0.0360,-0.1777,0.2871,0.1076,0.0831,0.9800,1.0900,60.0000,Mg_%,date1,pca_10,10
ElasticNet,-0.0360,-0.1777,0.2871,0.1076,0.0831,0.9800,1.0900,60.0000,Mg_%,date1,cars_spa,6
ElasticNet,-0.0360,-0.1777,0.2871,0.1076,0.0831,0.9800,1.0900,60.0000,Mg_%,date1,vip,67
ElasticNet,-0.0360,-0.1777,0.2871,0.1076,0.0831,0.9800,1.0900,60.0000,Mg_%,date1,hyper_idx,24
SVR,-0.0798,-0.3636,0.7737,0.1098,0.0866,0.9600,1.0600,60.0000,Mg_%,date1,cars_spa,6
RF,-0.0799,-0.1766,0.2096,0.1099,0.0818,0.9600,1.0600,60.0000,Mg_%,date1,vip,67
RF,-0.0881,-0.1933,0.2491,0.1103,0.0816,0.9600,1.0600,60.0000,Mg_%,date1,raw_smooth,300
SVR,-0.1584,-0.4399,0.7782,0.1138,0.0899,0.9300,1.0300,60.0000,Mg_%,date1,pca_10,10
RF,-0.1876,-0.3883,0.5321,0.1152,0.0856,0.9200,1.0100,60.0000,Mg_%,date1,deriv1_snv,300
SVR,-0.2002,-0.4856,0.7077,0.1158,0.0955,0.9100,1.0100,60.0000,Mg_%,date1,deriv1_snv,300
RF,-0.2052,-0.4052,0.6903,0.1160,0.0853,0.9100,1.0100,60.0000,Mg_%,date1,pca_10,10
SVR,-0.2093,-0.4091,0.4814,0.1162,0.0884,0.9100,1.0000,60.0000,Mg_%,date1,raw_smooth,300
RF,-0.2332,-0.5124,0.7985,0.1174,0.0910,0.9000,0.9900,60.0000,Mg_%,date1,cars_spa,6
GBR,-0.2374,-0.3379,0.2694,0.1176,0.0857,0.9000,0.9900,60.0000,Mg_%,date1,raw_smooth,300
GBR,-0.2604,-0.6163,0.9450,0.1187,0.0890,0.8900,0.9800,60.0000,Mg_%,date1,deriv1_snv,300
RF,-0.2720,-0.3340,0.1569,0.0503,0.0422,0.8900,1.1000,55.0000,Mg_%,date2,pca_10,10
SVR,-0.2981,-0.7755,1.3745,0.1204,0.0945,0.8800,0.9700,60.0000,Mg_%,date1,hyper_idx,24
SVR,-0.3140,-0.5889,0.5568,0.1212,0.0908,0.8700,0.9600,60.0000,Mg_%,date1,vip,67
XGBoost,-0.3361,-0.4957,0.3050,0.1222,0.0856,0.8700,0.9600,60.0000,Mg_%,date1,raw_smooth,300
SVR,-0.3532,-0.5618,0.5333,0.0518,0.0442,0.8600,1.0700,55.0000,Mg_%,date2,raw_smooth,300
SVR,-0.3532,-0.5618,0.5333,0.0518,0.0442,0.8600,1.0700,55.0000,Mg_%,date2,deriv1_snv,300
SVR,-0.3532,-0.5618,0.5333,0.0518,0.0442,0.8600,1.0700,55.0000,Mg_%,date2,pca_10,10
SVR,-0.3532,-0.5618,0.5333,0.0518,0.0442,0.8600,1.0700,55.0000,Mg_%,date2,vip,98
SVR,-0.3532,-0.5618,0.5333,0.0518,0.0442,0.8600,1.0700,55.0000,Mg_%,date2,hyper_idx,24
XGBoost,-0.3594,-0.4782,0.2432,0.1233,0.0878,0.8600,0.9500,60.0000,Mg_%,date1,vip,67
RF,-0.3626,-0.4901,0.2780,0.0520,0.0429,0.8600,1.0700,55.0000,Mg_%,date2,raw_smooth,300
RF,-0.3649,-0.7628,0.9443,0.1235,0.0978,0.8600,0.9500,60.0000,Mg_%,date1,hyper_idx,24
GBR,-0.3772,-0.6749,0.9783,0.1241,0.0914,0.8500,0.9400,60.0000,Mg_%,date1,cars_spa,6
RF,-0.3894,-0.4065,0.1511,0.0525,0.0443,0.8500,1.0600,55.0000,Mg_%,date2,hyper_idx,24
GBR,-0.3980,-0.8002,1.1378,0.1250,0.0936,0.8500,0.9300,60.0000,Mg_%,date1,pca_10,10
XGBoost,-0.4029,-0.8582,1.1064,0.1252,0.0904,0.8400,0.9300,60.0000,Mg_%,date1,deriv1_snv,300
RF,-0.4335,-0.5215,0.2091,0.0534,0.0452,0.8400,1.0400,55.0000,Mg_%,date2,deriv1_snv,300
RF,-0.4428,-0.6000,0.3520,0.0535,0.0443,0.8300,1.0400,55.0000,Mg_%,date2,vip,98
GBR,-0.4526,-0.5944,0.2104,0.1274,0.0936,0.8300,0.9200,60.0000,Mg_%,date1,vip,67
GBR,-0.4831,-0.9300,0.9189,0.1287,0.1023,0.8200,0.9100,60.0000,Mg_%,date1,hyper_idx,24
XGBoost,-0.4952,-0.5016,0.2566,0.0545,0.0440,0.8200,1.0200,55.0000,Mg_%,date2,pca_10,10
XGBoost,-0.5068,-0.8686,1.2257,0.1298,0.0952,0.8100,0.9000,60.0000,Mg_%,date1,pca_10,10
GBR,-0.5168,-0.6395,0.4048,0.0549,0.0471,0.8100,1.0100,55.0000,Mg_%,date2,deriv1_snv,300
GBR,-0.5328,-0.5549,0.2323,0.0552,0.0457,0.8100,1.0100,55.0000,Mg_%,date2,pca_10,10
XGBoost,-0.5493,-0.6211,0.2005,0.0555,0.0448,0.8000,1.0000,55.0000,Mg_%,date2,hyper_idx,24
GBR,-0.6146,-0.6762,0.2201,0.0566,0.0474,0.7900,0.9800,55.0000,Mg_%,date2,hyper_idx,24
GBR,-0.6299,-0.8233,0.5559,0.0569,0.0478,0.7800,0.9800,55.0000,Mg_%,date2,vip,98
XGBoost,-0.7183,-1.0107,0.7275,0.0584,0.0477,0.7600,0.9500,55.0000,Mg_%,date2,vip,98
XGBoost,-0.7452,-1.0764,1.0452,0.0589,0.0508,0.7600,0.9400,55.0000,Mg_%,date2,deriv1_snv,300
XGBoost,-0.7896,-1.6154,2.4703,0.1414,0.1064,0.7500,0.8300,60.0000,Mg_%,date1,cars_spa,6
XGBoost,-0.7949,-1.2252,0.6050,0.1416,0.1143,0.7500,0.8200,60.0000,Mg_%,date1,hyper_idx,24
XGBoost,-0.8118,-1.2651,1.1952,0.0600,0.0480,0.7400,0.9300,55.0000,Mg_%,date2,raw_smooth,300
GBR,-0.8286,-1.1593,0.9211,0.0603,0.0476,0.7400,0.9200,55.0000,Mg_%,date2,raw_smooth,300
PLSR,-0.9130,-1.8097,1.3795,0.1462,0.1110,0.7200,0.8000,60.0000,Mg_%,date1,vip,67
PLSR,-1.1702,-2.3695,3.3936,0.1557,0.1048,0.6800,0.7500,60.0000,Mg_%,date1,pca_10,10
PLSR,-3.3904,-6.3440,7.1437,0.2215,0.1426,0.4800,0.5300,60.0000,Mg_%,date1,raw_smooth,300
PLSR,-3.6613,-6.2268,6.9923,0.2282,0.1550,0.4600,0.5100,60.0000,Mg_%,date1,deriv1_snv,300
PLSR,-9.0668,-19.6656,28.4734,0.1414,0.0806,0.3200,0.3900,55.0000,Mg_%,date2,hyper_idx,24
PLSR,-26.3018,-70.8188,131.0415,0.2329,0.1087,0.1900,0.2400,55.0000,Mg_%,date2,deriv1_snv,300
PLSR,-68.1853,-173.2368,298.3974,0.3707,0.1384,0.1200,0.1500,55.0000,Mg_%,date2,raw_smooth,300
PLSR,-296.0756,-834.8233,1592.3592,0.7681,0.2104,0.0600,0.0700,55.0000,Mg_%,date2,vip,98
PLSR,-637.0234,-1679.6324,2996.5719,1.1257,0.2916,0.0400,0.0500,55.0000,Mg_%,date2,pca_10,10
PLSR,-4062.4648,-7357.2383,14712.2698,6.7384,0.9725,0.0200,0.0200,60.0000,Mg_%,date1,hyper_idx,24
ElasticNet,0.0477,-0.0837,0.2399,9.4200,7.0099,1.0200,1.1800,55.0000,Mn_мг_кг,date2,pca_10,10
ElasticNet,0.0034,-0.0990,0.1624,9.6371,7.2517,1.0000,1.1600,55.0000,Mn_мг_кг,date2,vip,116
ElasticNet,0.0016,-0.1027,0.1637,9.6457,7.2579,1.0000,1.1600,55.0000,Mn_мг_кг,date2,raw_smooth,300
SVR,-0.0313,-0.0931,0.1082,9.8032,6.9682,0.9800,1.1400,55.0000,Mn_мг_кг,date2,raw_smooth,300
SVR,-0.0319,-0.0944,0.1040,9.8063,6.9736,0.9800,1.1400,55.0000,Mn_мг_кг,date2,vip,116
SVR,-0.0338,-0.1099,0.1526,9.8153,6.9645,0.9800,1.1400,55.0000,Mn_мг_кг,date2,pca_10,10
ElasticNet,-0.0344,-0.9737,1.8774,24.1957,16.8561,0.9800,0.6600,60.0000,Mn_мг_кг,date1,cars_spa,25
SVR,-0.0395,-0.1100,0.1346,9.8423,6.9950,0.9800,1.1300,55.0000,Mn_мг_кг,date2,hyper_idx,24
SVR,-0.0401,-0.1123,0.1475,9.8448,7.0086,0.9800,1.1300,55.0000,Mn_мг_кг,date2,deriv1_snv,300
ElasticNet,-0.0619,-1.0151,1.8900,24.5158,16.9295,0.9700,0.6500,60.0000,Mn_мг_кг,date1,vip,76
RF,-0.0706,-0.6791,1.1197,24.6160,17.9007,0.9700,0.6500,60.0000,Mn_мг_кг,date1,vip,76
ElasticNet,-0.0754,-1.1128,2.0687,24.6712,16.9397,0.9600,0.6500,60.0000,Mn_мг_кг,date1,raw_smooth,300
RF,-0.0812,-0.2813,0.4374,10.0377,7.6940,0.9600,1.1100,55.0000,Mn_мг_кг,date2,raw_smooth,300
PLSR,-0.0874,-1.4259,2.4080,24.8082,17.0570,0.9600,0.6400,60.0000,Mn_мг_кг,date1,cars_spa,25
ElasticNet,-0.0995,-0.2798,0.3442,10.1221,7.5669,0.9500,1.1000,55.0000,Mn_мг_кг,date2,hyper_idx,24
SVR,-0.1143,-0.2852,0.1910,25.1131,14.4677,0.9500,0.6400,60.0000,Mn_мг_кг,date1,pca_10,10
SVR,-0.1238,-0.2952,0.1846,25.2193,14.6270,0.9400,0.6300,60.0000,Mn_мг_кг,date1,deriv1_snv,300
SVR,-0.1251,-0.3028,0.1998,25.2348,14.6306,0.9400,0.6300,60.0000,Mn_мг_кг,date1,vip,76
SVR,-0.1279,-0.3047,0.1983,25.2657,14.6108,0.9400,0.6300,60.0000,Mn_мг_кг,date1,cars_spa,25
SVR,-0.1284,-0.3093,0.2059,25.2716,14.6341,0.9400,0.6300,60.0000,Mn_мг_кг,date1,raw_smooth,300
SVR,-0.1348,-0.3050,0.1803,25.3430,14.6767,0.9400,0.6300,60.0000,Mn_мг_кг,date1,hyper_idx,24
RF,-0.1427,-0.3650,0.4748,10.3192,8.0504,0.9400,1.0800,55.0000,Mn_мг_кг,date2,vip,116
RF,-0.1435,-1.0085,1.6544,25.4404,18.4406,0.9400,0.6300,60.0000,Mn_мг_кг,date1,raw_smooth,300
ElasticNet,-0.1487,-1.9367,3.6596,25.4978,17.5108,0.9300,0.6300,60.0000,Mn_мг_кг,date1,pca_10,10
RF,-0.1575,-0.4598,0.6440,10.3856,7.9014,0.9300,1.0700,55.0000,Mn_мг_кг,date2,hyper_idx,24
GBR,-0.1929,-0.5456,0.7885,10.5432,7.9932,0.9200,1.0600,55.0000,Mn_мг_кг,date2,hyper_idx,24
GBR,-0.1982,-0.5042,0.6360,10.5666,8.4275,0.9100,1.0600,55.0000,Mn_мг_кг,date2,raw_smooth,300
RF,-0.2065,-2.1444,4.1339,26.1310,18.7689,0.9100,0.6100,60.0000,Mn_мг_кг,date1,pca_10,10
RF,-0.2090,-0.3894,0.4164,10.6142,8.1154,0.9100,1.0500,55.0000,Mn_мг_кг,date2,pca_10,10
RF,-0.2150,-2.0715,3.8370,26.2231,18.8063,0.9100,0.6100,60.0000,Mn_мг_кг,date1,deriv1_snv,300
RF,-0.2237,-0.4625,0.5908,10.6788,8.2498,0.9000,1.0400,55.0000,Mn_мг_кг,date2,deriv1_snv,300
ElasticNet,-0.2370,-0.4334,0.4460,10.7363,8.0049,0.9000,1.0400,55.0000,Mn_мг_кг,date2,deriv1_snv,300
RF,-0.2724,-1.1531,1.5049,26.8358,19.8789,0.8900,0.5900,60.0000,Mn_мг_кг,date1,cars_spa,25
GBR,-0.3071,-0.6887,0.9796,11.0366,8.6037,0.8700,1.0100,55.0000,Mn_мг_кг,date2,deriv1_snv,300
XGBoost,-0.3198,-0.5936,0.5850,11.0901,8.4475,0.8700,1.0100,55.0000,Mn_мг_кг,date2,pca_10,10
GBR,-0.3258,-0.6777,0.8375,11.1150,8.8437,0.8700,1.0000,55.0000,Mn_мг_кг,date2,vip,116
GBR,-0.3420,-0.5510,0.6642,11.1827,8.8195,0.8600,1.0000,55.0000,Mn_мг_кг,date2,pca_10,10
GBR,-0.3749,-1.0848,1.3240,27.8950,19.1912,0.8500,0.5700,60.0000,Mn_мг_кг,date1,vip,76
XGBoost,-0.4001,-1.0037,1.2170,28.1498,19.5281,0.8500,0.5700,60.0000,Mn_мг_кг,date1,vip,76
GBR,-0.4080,-1.9512,3.2383,28.2291,18.8897,0.8400,0.5700,60.0000,Mn_мг_кг,date1,pca_10,10
GBR,-0.4334,-4.2866,8.1067,28.4832,20.0876,0.8400,0.5600,60.0000,Mn_мг_кг,date1,deriv1_snv,300
XGBoost,-0.4451,-0.8264,0.7196,11.6044,8.7958,0.8300,0.9600,55.0000,Mn_мг_кг,date2,vip,116
GBR,-0.4765,-1.9386,2.8904,28.9077,19.5696,0.8200,0.5500,60.0000,Mn_мг_кг,date1,raw_smooth,300
XGBoost,-0.4868,-0.9713,1.0895,11.7708,9.3548,0.8200,0.9500,55.0000,Mn_мг_кг,date2,deriv1_snv,300
GBR,-0.5223,-1.3096,1.2220,29.3528,21.7654,0.8100,0.5400,60.0000,Mn_мг_кг,date1,cars_spa,25
XGBoost,-0.5462,-1.0139,1.3357,12.0035,9.2235,0.8000,0.9300,55.0000,Mn_мг_кг,date2,hyper_idx,24
XGBoost,-0.5467,-0.8255,0.7307,12.0054,9.5152,0.8000,0.9300,55.0000,Mn_мг_кг,date2,raw_smooth,300
XGBoost,-0.6172,-2.7852,4.5173,30.2538,20.8043,0.7900,0.5300,60.0000,Mn_мг_кг,date1,raw_smooth,300
RF,-0.6378,-4.2524,7.5456,30.4463,22.2324,0.7800,0.5200,60.0000,Mn_мг_кг,date1,hyper_idx,24
XGBoost,-0.6382,-3.2850,5.2057,30.4500,20.7521,0.7800,0.5200,60.0000,Mn_мг_кг,date1,deriv1_snv,300
XGBoost,-0.6435,-2.4599,3.6061,30.4987,20.4344,0.7800,0.5200,60.0000,Mn_мг_кг,date1,pca_10,10
XGBoost,-0.7480,-3.5688,5.8908,31.4531,22.4844,0.7600,0.5100,60.0000,Mn_мг_кг,date1,cars_spa,25
ElasticNet,-0.7490,-3.1295,4.4970,31.4626,21.2811,0.7600,0.5100,60.0000,Mn_мг_кг,date1,deriv1_snv,300
PLSR,-0.7576,-4.3327,6.9952,31.5398,22.7483,0.7500,0.5100,60.0000,Mn_мг_кг,date1,vip,76
GBR,-0.7913,-5.4220,9.6973,31.8405,24.1976,0.7500,0.5000,60.0000,Mn_мг_кг,date1,hyper_idx,24
XGBoost,-0.8484,-4.3286,7.4229,32.3440,22.0376,0.7400,0.4900,60.0000,Mn_мг_кг,date1,hyper_idx,24
PLSR,-1.0425,-4.4949,6.3781,33.9998,20.9788,0.7000,0.4700,60.0000,Mn_мг_кг,date1,pca_10,10
PLSR,-2.2740,-9.1364,13.2116,43.0468,31.1762,0.5500,0.3700,60.0000,Mn_мг_кг,date1,raw_smooth,300
PLSR,-4.6079,-13.0411,15.0449,56.3376,39.4843,0.4200,0.2800,60.0000,Mn_мг_кг,date1,deriv1_snv,300
PLSR,-8.9872,-12.8015,19.6425,30.5069,15.8932,0.3200,0.3700,55.0000,Mn_мг_кг,date2,deriv1_snv,300
PLSR,-17.5387,-27.1712,50.2191,41.5638,16.9386,0.2300,0.2700,55.0000,Mn_мг_кг,date2,hyper_idx,24
ElasticNet,-71.0937,-105.5869,208.2159,201.9979,43.2036,0.1200,0.0800,60.0000,Mn_мг_кг,date1,hyper_idx,24
PLSR,-197.3467,-137.8677,195.1283,135.9527,32.8378,0.0700,0.0800,55.0000,Mn_мг_кг,date2,raw_smooth,300
PLSR,-744.1454,-512.8780,741.3464,263.5093,67.4934,0.0400,0.0400,55.0000,Mn_мг_кг,date2,vip,116
PLSR,-889.2561,-560.6839,936.9685,288.0269,59.8656,0.0300,0.0400,55.0000,Mn_мг_кг,date2,pca_10,10
PLSR,-2625.4384,-3866.1750,7717.6163,1219.2195,182.5945,0.0200,0.0100,60.0000,Mn_мг_кг,date1,hyper_idx,24
SVR,0.0477,-0.0122,0.1470,0.4769,0.3829,1.0200,1.2500,60.0000,N_%,date1,deriv1_snv,300
RF,-0.0161,-0.0885,0.1636,0.4926,0.4135,0.9900,1.2100,60.0000,N_%,date1,pca_10,10
ElasticNet,-0.0205,-0.0787,0.1206,0.4936,0.3802,0.9900,1.2100,60.0000,N_%,date1,raw_smooth,300
ElasticNet,-0.0205,-0.0787,0.1206,0.4936,0.3802,0.9900,1.2100,60.0000,N_%,date1,deriv1_snv,300
ElasticNet,-0.0205,-0.0787,0.1206,0.4936,0.3802,0.9900,1.2100,60.0000,N_%,date1,pca_10,10
ElasticNet,-0.0205,-0.0787,0.1206,0.4936,0.3802,0.9900,1.2100,60.0000,N_%,date1,vip,54
ElasticNet,-0.0205,-0.0787,0.1206,0.4936,0.3802,0.9900,1.2100,60.0000,N_%,date1,hyper_idx,24
RF,-0.0290,-0.0676,0.1282,0.4957,0.3963,0.9900,1.2000,60.0000,N_%,date1,deriv1_snv,300
SVR,-0.0599,-0.1446,0.2613,0.5031,0.4045,0.9700,1.1800,60.0000,N_%,date1,vip,54
SVR,-0.0641,-0.1278,0.2038,0.5041,0.4076,0.9700,1.1800,60.0000,N_%,date1,pca_10,10
ElasticNet,-0.0809,-0.3537,0.5487,0.6149,0.4631,0.9600,0.9100,55.0000,N_%,date2,raw_smooth,300
ElasticNet,-0.0809,-0.3537,0.5487,0.6149,0.4631,0.9600,0.9100,55.0000,N_%,date2,deriv1_snv,300
ElasticNet,-0.0809,-0.3537,0.5487,0.6149,0.4631,0.9600,0.9100,55.0000,N_%,date2,pca_10,10
ElasticNet,-0.0809,-0.3537,0.5487,0.6149,0.4631,0.9600,0.9100,55.0000,N_%,date2,vip,112
ElasticNet,-0.0809,-0.3537,0.5487,0.6149,0.4631,0.9600,0.9100,55.0000,N_%,date2,hyper_idx,24
RF,-0.0812,-0.1190,0.2825,0.5081,0.4137,0.9600,1.1700,60.0000,N_%,date1,hyper_idx,24
RF,-0.0902,-0.1890,0.3309,0.5102,0.4056,0.9600,1.1700,60.0000,N_%,date1,vip,54
RF,-0.1037,-0.1991,0.3050,0.5134,0.4139,0.9500,1.1600,60.0000,N_%,date1,raw_smooth,300
GBR,-0.1059,-0.1552,0.2658,0.5139,0.4081,0.9500,1.1600,60.0000,N_%,date1,hyper_idx,24
SVR,-0.1198,-0.4744,0.4830,0.6259,0.4622,0.9500,0.8900,55.0000,N_%,date2,hyper_idx,24
SVR,-0.1588,-0.4506,0.4960,0.6367,0.4798,0.9300,0.8800,55.0000,N_%,date2,vip,112
SVR,-0.1619,-0.4634,0.5187,0.6375,0.4818,0.9300,0.8800,55.0000,N_%,date2,raw_smooth,300
RF,-0.1627,-0.3700,0.5973,0.6378,0.4883,0.9300,0.8800,55.0000,N_%,date2,deriv1_snv,300
SVR,-0.1725,-0.2325,0.2660,0.5291,0.4304,0.9200,1.1200,60.0000,N_%,date1,hyper_idx,24
SVR,-0.1781,-0.2238,0.2074,0.5304,0.4190,0.9200,1.1200,60.0000,N_%,date1,raw_smooth,300
RF,-0.1958,-0.4967,0.7176,0.6468,0.5033,0.9100,0.8700,55.0000,N_%,date2,hyper_idx,24
GBR,-0.2257,-0.2712,0.2258,0.5410,0.4306,0.9000,1.1000,60.0000,N_%,date1,deriv1_snv,300
RF,-0.2471,-0.6108,0.5204,0.6605,0.5286,0.9000,0.8500,55.0000,N_%,date2,pca_10,10
SVR,-0.2475,-0.5834,0.5149,0.6606,0.5052,0.9000,0.8500,55.0000,N_%,date2,deriv1_snv,300
GBR,-0.2688,-0.4275,0.4694,0.5504,0.4285,0.8900,1.0800,60.0000,N_%,date1,raw_smooth,300
SVR,-0.3336,-0.6985,0.6921,0.6830,0.5353,0.8700,0.8200,55.0000,N_%,date2,pca_10,10
GBR,-0.3451,-0.5099,0.5232,0.5667,0.4388,0.8600,1.0500,60.0000,N_%,date1,vip,54
XGBoost,-0.3491,-0.4439,0.3659,0.5676,0.4635,0.8600,1.0500,60.0000,N_%,date1,hyper_idx,24
XGBoost,-0.3569,-0.5263,0.7221,0.5692,0.4443,0.8600,1.0500,60.0000,N_%,date1,pca_10,10
XGBoost,-0.3586,-0.4650,0.2353,0.5696,0.4602,0.8600,1.0400,60.0000,N_%,date1,deriv1_snv,300
GBR,-0.3635,-0.4519,0.2454,0.5706,0.4746,0.8600,1.0400,60.0000,N_%,date1,pca_10,10
RF,-0.3655,-0.8336,0.7705,0.6912,0.5265,0.8600,0.8100,55.0000,N_%,date2,raw_smooth,300
GBR,-0.3680,-0.8395,0.8025,0.6918,0.5374,0.8500,0.8100,55.0000,N_%,date2,raw_smooth,300
GBR,-0.4077,-0.9157,0.6683,0.7018,0.5864,0.8400,0.8000,55.0000,N_%,date2,pca_10,10
XGBoost,-0.4670,-0.6325,0.6194,0.5919,0.4552,0.8300,1.0100,60.0000,N_%,date1,raw_smooth,300
XGBoost,-0.5018,-0.9613,0.5263,0.7248,0.6019,0.8200,0.7700,55.0000,N_%,date2,pca_10,10
RF,-0.5097,-0.9824,0.6721,0.7267,0.5616,0.8100,0.7700,55.0000,N_%,date2,vip,112
GBR,-0.5120,-0.6799,0.5734,0.7273,0.5495,0.8100,0.7700,55.0000,N_%,date2,deriv1_snv,300
GBR,-0.5927,-1.1149,1.1086,0.7464,0.5852,0.7900,0.7500,55.0000,N_%,date2,hyper_idx,24
XGBoost,-0.5987,-1.2705,1.1225,0.7479,0.5808,0.7900,0.7500,55.0000,N_%,date2,vip,112
XGBoost,-0.6042,-1.0210,0.7896,0.7491,0.5992,0.7900,0.7500,55.0000,N_%,date2,hyper_idx,24
XGBoost,-0.6281,-0.7730,0.5478,0.6235,0.4598,0.7800,0.9500,60.0000,N_%,date1,vip,54
XGBoost,-0.6709,-0.8967,0.9340,0.7645,0.5769,0.7700,0.7300,55.0000,N_%,date2,deriv1_snv,300
GBR,-0.7206,-1.3419,0.7774,0.7758,0.5976,0.7600,0.7200,55.0000,N_%,date2,vip,112
PLSR,-0.8042,-0.9493,0.7126,0.6564,0.5291,0.7400,0.9100,60.0000,N_%,date1,vip,54
XGBoost,-0.8332,-1.2919,0.7087,0.8008,0.6287,0.7400,0.7000,55.0000,N_%,date2,raw_smooth,300
PLSR,-1.2813,-1.7064,2.8666,0.7381,0.4759,0.6600,0.8100,60.0000,N_%,date1,pca_10,10
PLSR,-2.0890,-4.7629,8.2956,1.0395,0.6796,0.5700,0.5400,55.0000,N_%,date2,hyper_idx,24
PLSR,-2.9176,-3.4913,3.5556,0.9672,0.7006,0.5100,0.6200,60.0000,N_%,date1,raw_smooth,300
PLSR,-4.7465,-6.0431,8.0411,1.1714,0.7638,0.4200,0.5100,60.0000,N_%,date1,deriv1_snv,300
PLSR,-17.2825,-38.8252,75.3159,2.5290,1.0077,0.2300,0.2200,55.0000,N_%,date2,deriv1_snv,300
PLSR,-150.1726,-338.8696,657.8011,7.2722,2.0423,0.0800,0.0800,55.0000,N_%,date2,vip,112
PLSR,-178.6347,-403.1829,787.4906,7.9273,2.2885,0.0700,0.0700,55.0000,N_%,date2,raw_smooth,300
PLSR,-1356.3402,-1820.4170,3640.2532,18.0031,2.7294,0.0300,0.0300,60.0000,N_%,date1,hyper_idx,24
PLSR,-2749.5916,-6240.5797,12479.8057,31.0202,5.7291,0.0200,0.0200,55.0000,N_%,date2,pca_10,10
1D-CNN-Attn,,,,,,,,,N_%,date2,raw_300,300
ElasticNet,-0.0652,-0.2376,0.1527,0.0738,0.0588,0.9700,1.1900,60.0000,P_%,date1,raw_smooth,300
ElasticNet,-0.0652,-0.2376,0.1527,0.0738,0.0588,0.9700,1.1900,60.0000,P_%,date1,deriv1_snv,300
ElasticNet,-0.0652,-0.2376,0.1527,0.0738,0.0588,0.9700,1.1900,60.0000,P_%,date1,pca_10,10
ElasticNet,-0.0652,-0.2376,0.1527,0.0738,0.0588,0.9700,1.1900,60.0000,P_%,date1,cars_spa,11
ElasticNet,-0.0652,-0.2376,0.1527,0.0738,0.0588,0.9700,1.1900,60.0000,P_%,date1,vip,68
ElasticNet,-0.0652,-0.2376,0.1527,0.0738,0.0588,0.9700,1.1900,60.0000,P_%,date1,hyper_idx,24
ElasticNet,-0.0684,-0.2051,0.1535,0.0587,0.0471,0.9700,1.2800,55.0000,P_%,date2,raw_smooth,300
ElasticNet,-0.0684,-0.2051,0.1535,0.0587,0.0471,0.9700,1.2800,55.0000,P_%,date2,deriv1_snv,300
ElasticNet,-0.0684,-0.2051,0.1535,0.0587,0.0471,0.9700,1.2800,55.0000,P_%,date2,pca_10,10
ElasticNet,-0.0684,-0.2051,0.1535,0.0587,0.0471,0.9700,1.2800,55.0000,P_%,date2,vip,110
ElasticNet,-0.0684,-0.2051,0.1535,0.0587,0.0471,0.9700,1.2800,55.0000,P_%,date2,hyper_idx,24
SVR,-0.0811,-0.2989,0.3568,0.0743,0.0598,0.9600,1.1800,60.0000,P_%,date1,pca_10,10
SVR,-0.1114,-0.3092,0.2704,0.0753,0.0602,0.9500,1.1600,60.0000,P_%,date1,hyper_idx,24
RF,-0.1259,-0.2357,0.4923,0.0603,0.0456,0.9400,1.2400,55.0000,P_%,date2,vip,110
RF,-0.1424,-0.2729,0.3788,0.0607,0.0487,0.9400,1.2400,55.0000,P_%,date2,deriv1_snv,300
SVR,-0.1479,-0.2750,0.2708,0.0608,0.0477,0.9300,1.2300,55.0000,P_%,date2,vip,110
SVR,-0.1522,-0.3484,0.2365,0.0767,0.0607,0.9300,1.1400,60.0000,P_%,date1,deriv1_snv,300
SVR,-0.1542,-0.2939,0.1901,0.0610,0.0475,0.9300,1.2300,55.0000,P_%,date2,deriv1_snv,300
GBR,-0.1557,-0.3995,0.4131,0.0768,0.0599,0.9300,1.1400,60.0000,P_%,date1,deriv1_snv,300
RF,-0.1608,-0.2846,0.4349,0.0612,0.0493,0.9300,1.2300,55.0000,P_%,date2,raw_smooth,300
RF,-0.1653,-0.3041,0.3954,0.0613,0.0484,0.9300,1.2200,55.0000,P_%,date2,pca_10,10
SVR,-0.1665,-0.3072,0.2204,0.0613,0.0486,0.9300,1.2200,55.0000,P_%,date2,pca_10,10
GBR,-0.1696,-0.2718,0.6273,0.0614,0.0458,0.9200,1.2200,55.0000,P_%,date2,vip,110
SVR,-0.1851,-0.3080,0.3433,0.0618,0.0485,0.9200,1.2100,55.0000,P_%,date2,raw_smooth,300
SVR,-0.1988,-0.3475,0.1648,0.0622,0.0490,0.9100,1.2100,55.0000,P_%,date2,hyper_idx,24
RF,-0.2006,-0.4014,0.1998,0.0783,0.0633,0.9100,1.1200,60.0000,P_%,date1,pca_10,10
GBR,-0.2156,-0.3555,0.4974,0.0626,0.0497,0.9100,1.2000,55.0000,P_%,date2,deriv1_snv,300
RF,-0.2339,-0.4865,0.3822,0.0794,0.0652,0.9000,1.1000,60.0000,P_%,date1,vip,68
RF,-0.2388,-0.4817,0.4222,0.0795,0.0634,0.9000,1.1000,60.0000,P_%,date1,hyper_idx,24
RF,-0.2439,-0.4879,0.3475,0.0797,0.0650,0.9000,1.1000,60.0000,P_%,date1,raw_smooth,300
RF,-0.2540,-0.4148,0.3270,0.0636,0.0508,0.8900,1.1800,55.0000,P_%,date2,hyper_idx,24
XGBoost,-0.2761,-0.3897,0.5340,0.0642,0.0488,0.8900,1.1700,55.0000,P_%,date2,vip,110
XGBoost,-0.2922,-0.4489,0.5241,0.0646,0.0514,0.8800,1.1600,55.0000,P_%,date2,deriv1_snv,300
GBR,-0.3067,-0.4250,0.5589,0.0649,0.0499,0.8700,1.1600,55.0000,P_%,date2,raw_smooth,300
RF,-0.3077,-0.5688,0.3914,0.0817,0.0645,0.8700,1.0700,60.0000,P_%,date1,deriv1_snv,300
SVR,-0.3275,-0.5605,0.2831,0.0823,0.0647,0.8700,1.0600,60.0000,P_%,date1,vip,68
GBR,-0.3303,-0.4902,0.5392,0.0655,0.0531,0.8700,1.1400,55.0000,P_%,date2,pca_10,10
GBR,-0.3657,-0.6411,0.4096,0.0835,0.0697,0.8600,1.0500,60.0000,P_%,date1,vip,68
XGBoost,-0.3837,-0.5605,0.6422,0.0668,0.0524,0.8500,1.1200,55.0000,P_%,date2,pca_10,10
XGBoost,-0.3950,-0.5863,0.1645,0.0671,0.0549,0.8500,1.1200,55.0000,P_%,date2,raw_smooth,300
XGBoost,-0.3992,-0.7175,0.6823,0.0845,0.0692,0.8500,1.0400,60.0000,P_%,date1,hyper_idx,24
PLSR,-0.4002,-0.5145,0.9022,0.0846,0.0618,0.8500,1.0300,60.0000,P_%,date1,cars_spa,11
GBR,-0.4027,-0.6665,0.5317,0.0846,0.0698,0.8400,1.0300,60.0000,P_%,date1,hyper_idx,24
SVR,-0.4038,-0.6668,0.4549,0.0847,0.0684,0.8400,1.0300,60.0000,P_%,date1,raw_smooth,300
RF,-0.4319,-0.6409,0.2274,0.0855,0.0693,0.8400,1.0200,60.0000,P_%,date1,cars_spa,11
GBR,-0.4460,-0.6133,0.2252,0.0859,0.0666,0.8300,1.0200,60.0000,P_%,date1,pca_10,10
XGBoost,-0.4606,-0.7122,0.5871,0.0864,0.0648,0.8300,1.0100,60.0000,P_%,date1,deriv1_snv,300
SVR,-0.4749,-0.7325,0.4529,0.0868,0.0695,0.8200,1.0100,60.0000,P_%,date1,cars_spa,11
XGBoost,-0.4799,-0.6481,0.2563,0.0869,0.0698,0.8200,1.0100,60.0000,P_%,date1,pca_10,10
GBR,-0.4806,-0.7856,0.4675,0.0870,0.0708,0.8200,1.0100,60.0000,P_%,date1,raw_smooth,300
GBR,-0.4994,-0.6748,0.4232,0.0695,0.0561,0.8200,1.0800,55.0000,P_%,date2,hyper_idx,24
XGBoost,-0.5296,-0.8924,0.7712,0.0884,0.0701,0.8100,0.9900,60.0000,P_%,date1,vip,68
GBR,-0.6351,-0.8936,0.2977,0.0914,0.0755,0.7800,0.9600,60.0000,P_%,date1,cars_spa,11
XGBoost,-0.7116,-1.0228,0.7069,0.0935,0.0742,0.7600,0.9400,60.0000,P_%,date1,raw_smooth,300
XGBoost,-0.7253,-0.9196,0.6784,0.0746,0.0589,0.7600,1.0100,55.0000,P_%,date2,hyper_idx,24
PLSR,-0.7926,-1.1113,0.3062,0.0957,0.0775,0.7500,0.9100,60.0000,P_%,date1,pca_10,10
XGBoost,-0.9907,-1.3595,0.4559,0.1008,0.0850,0.7100,0.8700,60.0000,P_%,date1,cars_spa,11
PLSR,-1.0081,-1.4864,0.9880,0.1013,0.0811,0.7100,0.8600,60.0000,P_%,date1,vip,68
PLSR,-2.8550,-3.2385,3.1716,0.1403,0.0965,0.5100,0.6200,60.0000,P_%,date1,deriv1_snv,300
PLSR,-5.2218,-5.5546,6.6452,0.1783,0.1064,0.4000,0.4900,60.0000,P_%,date1,raw_smooth,300
PLSR,-11.1919,-14.2648,25.0139,0.1983,0.0974,0.2900,0.3800,55.0000,P_%,date2,hyper_idx,24
PLSR,-40.6009,-46.2800,62.9666,0.3663,0.1362,0.1600,0.2000,55.0000,P_%,date2,deriv1_snv,300
PLSR,-40.6735,-48.1453,57.3055,0.3666,0.1411,0.1500,0.2000,55.0000,P_%,date2,vip,110
PLSR,-220.5449,-250.9550,351.2794,0.8454,0.2500,0.0700,0.0900,55.0000,P_%,date2,raw_smooth,300
PLSR,-680.4781,-658.1187,1313.4125,1.8657,0.3120,0.0400,0.0500,60.0000,P_%,date1,hyper_idx,24
PLSR,-3590.0468,-3913.6627,7797.8843,3.4034,0.6245,0.0200,0.0200,55.0000,P_%,date2,pca_10,10
1D-CNN-Attn,,,,,,,,,P_%,date2,raw_300,300
ElasticNet,-0.0193,-0.0727,0.0690,0.0541,0.0431,0.9900,1.4800,60.0000,S_%,date1,raw_smooth,300
ElasticNet,-0.0193,-0.0727,0.0690,0.0541,0.0431,0.9900,1.4800,60.0000,S_%,date1,deriv1_snv,300
ElasticNet,-0.0193,-0.0727,0.0690,0.0541,0.0431,0.9900,1.4800,60.0000,S_%,date1,pca_10,10
ElasticNet,-0.0193,-0.0727,0.0690,0.0541,0.0431,0.9900,1.4800,60.0000,S_%,date1,cars_spa,8
ElasticNet,-0.0193,-0.0727,0.0690,0.0541,0.0431,0.9900,1.4800,60.0000,S_%,date1,vip,55
ElasticNet,-0.0193,-0.0727,0.0690,0.0541,0.0431,0.9900,1.4800,60.0000,S_%,date1,hyper_idx,24
PLSR,-0.0194,-0.2181,0.5564,0.0541,0.0415,0.9900,1.4800,60.0000,S_%,date1,cars_spa,8
SVR,-0.0422,-0.1248,0.1202,0.0547,0.0438,0.9800,1.4600,60.0000,S_%,date1,raw_smooth,300
SVR,-0.0452,-0.1193,0.1500,0.0547,0.0436,0.9800,1.4600,60.0000,S_%,date1,pca_10,10
ElasticNet,-0.0609,-0.2067,0.2429,0.0448,0.0348,0.9700,1.3400,55.0000,S_%,date2,raw_smooth,300
ElasticNet,-0.0609,-0.2067,0.2429,0.0448,0.0348,0.9700,1.3400,55.0000,S_%,date2,deriv1_snv,300
ElasticNet,-0.0609,-0.2067,0.2429,0.0448,0.0348,0.9700,1.3400,55.0000,S_%,date2,pca_10,10
ElasticNet,-0.0609,-0.2067,0.2429,0.0448,0.0348,0.9700,1.3400,55.0000,S_%,date2,vip,113
ElasticNet,-0.0609,-0.2067,0.2429,0.0448,0.0348,0.9700,1.3400,55.0000,S_%,date2,hyper_idx,24
SVR,-0.0681,-0.1538,0.0974,0.0553,0.0443,0.9700,1.4500,60.0000,S_%,date1,hyper_idx,24
SVR,-0.0686,-0.1475,0.1150,0.0553,0.0438,0.9700,1.4500,60.0000,S_%,date1,vip,55
SVR,-0.0895,-0.1806,0.1108,0.0559,0.0446,0.9600,1.4300,60.0000,S_%,date1,cars_spa,8
RF,-0.1093,-0.2330,0.1976,0.0564,0.0452,0.9500,1.4200,60.0000,S_%,date1,hyper_idx,24
RF,-0.1205,-0.3449,0.3000,0.0460,0.0362,0.9400,1.3000,55.0000,S_%,date2,deriv1_snv,300
SVR,-0.1237,-0.2112,0.1414,0.0567,0.0456,0.9400,1.4100,60.0000,S_%,date1,deriv1_snv,300
RF,-0.1249,-0.3132,0.3456,0.0461,0.0370,0.9400,1.3000,55.0000,S_%,date2,hyper_idx,24
GBR,-0.1472,-0.3462,0.3279,0.0573,0.0484,0.9300,1.4000,60.0000,S_%,date1,hyper_idx,24
RF,-0.1840,-0.3746,0.3048,0.0583,0.0475,0.9200,1.3700,60.0000,S_%,date1,vip,55
RF,-0.1931,-0.3922,0.3352,0.0585,0.0484,0.9200,1.3700,60.0000,S_%,date1,raw_smooth,300
RF,-0.2014,-0.3557,0.2596,0.0587,0.0479,0.9100,1.3600,60.0000,S_%,date1,deriv1_snv,300
RF,-0.2446,-0.5357,0.3340,0.0485,0.0391,0.9000,1.2400,55.0000,S_%,date2,pca_10,10
XGBoost,-0.2487,-0.4613,0.6490,0.0486,0.0371,0.8900,1.2400,55.0000,S_%,date2,raw_smooth,300
XGBoost,-0.2636,-0.3994,0.3862,0.0489,0.0376,0.8900,1.2300,55.0000,S_%,date2,hyper_idx,24
RF,-0.2850,-0.4981,0.4147,0.0607,0.0483,0.8800,1.3200,60.0000,S_%,date1,pca_10,10
SVR,-0.3003,-0.6391,0.5954,0.0496,0.0397,0.8800,1.2100,55.0000,S_%,date2,raw_smooth,300
SVR,-0.3003,-0.6391,0.5954,0.0496,0.0397,0.8800,1.2100,55.0000,S_%,date2,deriv1_snv,300
SVR,-0.3003,-0.6391,0.5954,0.0496,0.0397,0.8800,1.2100,55.0000,S_%,date2,pca_10,10
SVR,-0.3003,-0.6391,0.5954,0.0496,0.0397,0.8800,1.2100,55.0000,S_%,date2,vip,113
SVR,-0.3003,-0.6391,0.5954,0.0496,0.0397,0.8800,1.2100,55.0000,S_%,date2,hyper_idx,24
RF,-0.3215,-0.6116,0.3994,0.0500,0.0384,0.8700,1.2000,55.0000,S_%,date2,raw_smooth,300
XGBoost,-0.3337,-0.5298,0.3613,0.0618,0.0513,0.8700,1.2900,60.0000,S_%,date1,hyper_idx,24
GBR,-0.3345,-0.6553,0.3953,0.0502,0.0432,0.8700,1.2000,55.0000,S_%,date2,hyper_idx,24
GBR,-0.3763,-0.7194,0.4541,0.0510,0.0418,0.8500,1.1800,55.0000,S_%,date2,deriv1_snv,300
GBR,-0.3873,-0.7413,0.6102,0.0631,0.0515,0.8500,1.2700,60.0000,S_%,date1,vip,55
XGBoost,-0.3905,-0.8429,0.6561,0.0512,0.0427,0.8500,1.1700,55.0000,S_%,date2,pca_10,10
GBR,-0.3997,-0.7241,0.7674,0.0514,0.0376,0.8500,1.1700,55.0000,S_%,date2,raw_smooth,300
GBR,-0.4215,-0.6152,0.3451,0.0638,0.0498,0.8400,1.2500,60.0000,S_%,date1,deriv1_snv,300
XGBoost,-0.4351,-0.7984,0.5301,0.0521,0.0427,0.8300,1.1500,55.0000,S_%,date2,deriv1_snv,300
GBR,-0.4422,-0.8401,0.6819,0.0643,0.0544,0.8300,1.2400,60.0000,S_%,date1,raw_smooth,300
GBR,-0.4621,-0.9842,0.7012,0.0526,0.0431,0.8300,1.1400,55.0000,S_%,date2,pca_10,10
RF,-0.5229,-0.8265,0.4505,0.0536,0.0418,0.8100,1.1200,55.0000,S_%,date2,vip,113
XGBoost,-0.5713,-0.7573,0.5273,0.0671,0.0543,0.8000,1.1900,60.0000,S_%,date1,pca_10,10
PLSR,-0.5783,-0.8883,0.8453,0.0673,0.0543,0.8000,1.1900,60.0000,S_%,date1,pca_10,10
RF,-0.6091,-0.8754,0.7015,0.0679,0.0551,0.7900,1.1800,60.0000,S_%,date1,cars_spa,8
XGBoost,-0.6534,-1.1413,0.8569,0.0688,0.0564,0.7800,1.1600,60.0000,S_%,date1,vip,55
GBR,-0.6764,-1.0178,0.8343,0.0693,0.0544,0.7700,1.1500,60.0000,S_%,date1,pca_10,10
XGBoost,-0.6809,-1.0492,0.7425,0.0694,0.0553,0.7700,1.1500,60.0000,S_%,date1,cars_spa,8
XGBoost,-0.7022,-1.2400,1.2089,0.0698,0.0545,0.7700,1.1500,60.0000,S_%,date1,deriv1_snv,300
XGBoost,-0.7695,-1.1003,0.4807,0.0578,0.0451,0.7500,1.0400,55.0000,S_%,date2,vip,113
GBR,-0.8058,-1.1724,0.4216,0.0584,0.0444,0.7400,1.0300,55.0000,S_%,date2,vip,113
XGBoost,-0.8390,-1.4025,0.9911,0.0726,0.0598,0.7400,1.1000,60.0000,S_%,date1,raw_smooth,300
GBR,-0.9040,-1.2467,0.6841,0.0739,0.0605,0.7200,1.0800,60.0000,S_%,date1,cars_spa,8
PLSR,-1.0334,-1.4716,1.8821,0.0620,0.0429,0.7000,0.9700,55.0000,S_%,date2,hyper_idx,24
PLSR,-1.1749,-1.9741,2.3448,0.0790,0.0609,0.6800,1.0100,60.0000,S_%,date1,vip,55
PLSR,-1.7139,-2.4496,1.6449,0.0882,0.0715,0.6100,0.9100,60.0000,S_%,date1,raw_smooth,300
PLSR,-2.3765,-3.5227,2.2350,0.0984,0.0787,0.5400,0.8100,60.0000,S_%,date1,deriv1_snv,300
PLSR,-35.9786,-42.8609,75.8631,0.2643,0.1029,0.1600,0.2300,55.0000,S_%,date2,deriv1_snv,300
PLSR,-213.7372,-255.7662,454.9258,0.6369,0.1667,0.0700,0.0900,55.0000,S_%,date2,raw_smooth,300
PLSR,-266.4517,-338.8317,474.5966,0.7107,0.2142,0.0600,0.0800,55.0000,S_%,date2,vip,113
PLSR,-4239.6345,-2810.1770,5619.5882,3.4863,0.4969,0.0200,0.0200,60.0000,S_%,date1,hyper_idx,24
PLSR,-4947.4827,-5766.2492,11410.7784,3.0572,0.5293,0.0100,0.0200,55.0000,S_%,date2,pca_10,10
ElasticNet,-0.0317,-0.2679,0.4209,20.0651,12.7781,0.9800,0.4100,60.0000,Zn_мг_кг,date1,cars_spa,6
SVR,-0.0618,-0.0834,0.0799,20.3550,10.6867,0.9700,0.4000,60.0000,Zn_мг_кг,date1,pca_10,10
SVR,-0.0759,-0.1173,0.0658,20.4899,10.7763,0.9600,0.4000,60.0000,Zn_мг_кг,date1,cars_spa,6
SVR,-0.0828,-0.1282,0.0899,20.5559,10.9187,0.9600,0.4000,60.0000,Zn_мг_кг,date1,hyper_idx,24
SVR,-0.0829,-0.1927,0.1900,6.0836,4.3027,0.9600,1.2800,55.0000,Zn_мг_кг,date2,vip,101
SVR,-0.0839,-0.1216,0.0798,20.5664,10.7442,0.9600,0.4000,60.0000,Zn_мг_кг,date1,deriv1_snv,300
SVR,-0.0875,-0.1925,0.1864,6.0965,4.3072,0.9600,1.2800,55.0000,Zn_мг_кг,date2,raw_smooth,300
PLSR,-0.0963,-0.9826,1.4457,20.6832,13.8639,0.9600,0.4000,60.0000,Zn_мг_кг,date1,cars_spa,6
SVR,-0.0965,-0.2175,0.1861,6.1216,4.3823,0.9500,1.2700,55.0000,Zn_мг_кг,date2,pca_10,10
ElasticNet,-0.1012,-1.0650,1.7815,20.7296,13.7120,0.9500,0.3900,60.0000,Zn_мг_кг,date1,pca_10,10
SVR,-0.1030,-0.1275,0.0906,20.7464,10.7773,0.9500,0.3900,60.0000,Zn_мг_кг,date1,vip,86
SVR,-0.1060,-0.1424,0.0938,20.7753,10.8360,0.9500,0.3900,60.0000,Zn_мг_кг,date1,raw_smooth,300
ElasticNet,-0.1164,-0.5883,0.7706,20.8722,13.3478,0.9500,0.3900,60.0000,Zn_мг_кг,date1,raw_smooth,300
ElasticNet,-0.1182,-0.2215,0.3480,6.1819,4.4059,0.9500,1.2600,55.0000,Zn_мг_кг,date2,hyper_idx,24
SVR,-0.1272,-0.2371,0.1766,6.2067,4.4519,0.9400,1.2600,55.0000,Zn_мг_кг,date2,deriv1_snv,300
ElasticNet,-0.1290,-0.4717,0.4959,20.9898,13.4006,0.9400,0.3900,60.0000,Zn_мг_кг,date1,vip,86
RF,-0.1313,-1.1305,2.1263,21.0114,13.7325,0.9400,0.3900,60.0000,Zn_мг_кг,date1,pca_10,10
ElasticNet,-0.1324,-0.2813,0.1993,6.2212,4.4957,0.9400,1.2500,55.0000,Zn_мг_кг,date2,deriv1_snv,300
SVR,-0.1452,-0.2662,0.1756,6.2562,4.4150,0.9300,1.2500,55.0000,Zn_мг_кг,date2,hyper_idx,24
ElasticNet,-0.1669,-0.3757,0.2329,6.3151,4.6441,0.9300,1.2400,55.0000,Zn_мг_кг,date2,pca_10,10
ElasticNet,-0.1674,-0.3711,0.2697,6.3164,4.6002,0.9300,1.2300,55.0000,Zn_мг_кг,date2,raw_smooth,300
ElasticNet,-0.1713,-0.3770,0.2647,6.3269,4.6049,0.9200,1.2300,55.0000,Zn_мг_кг,date2,vip,101
GBR,-0.1880,-1.4617,2.6875,21.5315,13.4330,0.9200,0.3800,60.0000,Zn_мг_кг,date1,pca_10,10
RF,-0.2312,-0.5764,0.2781,6.4868,5.0061,0.9000,1.2000,55.0000,Zn_мг_кг,date2,pca_10,10
XGBoost,-0.2504,-2.6103,5.1215,22.0892,13.4213,0.8900,0.3700,60.0000,Zn_мг_кг,date1,pca_10,10
RF,-0.2914,-1.6219,2.5584,22.4490,15.6593,0.8800,0.3600,60.0000,Zn_мг_кг,date1,deriv1_snv,300
RF,-0.3125,-0.4711,0.2606,6.6977,4.6556,0.8700,1.1600,55.0000,Zn_мг_кг,date2,raw_smooth,300
XGBoost,-0.3353,-0.8777,0.5843,6.7554,5.4994,0.8700,1.1500,55.0000,Zn_мг_кг,date2,pca_10,10
RF,-0.3808,-0.5153,0.3067,6.8697,4.7275,0.8500,1.1400,55.0000,Zn_мг_кг,date2,vip,101
RF,-0.3850,-0.7393,0.3782,6.8801,5.3050,0.8500,1.1300,55.0000,Zn_мг_кг,date2,deriv1_snv,300
XGBoost,-0.3963,-0.6437,0.4914,6.9082,4.9217,0.8500,1.1300,55.0000,Zn_мг_кг,date2,vip,101
GBR,-0.4019,-2.2957,3.6671,23.3893,15.2191,0.8400,0.3500,60.0000,Zn_мг_кг,date1,deriv1_snv,300
GBR,-0.4022,-1.0762,0.7821,6.9226,5.5402,0.8400,1.1300,55.0000,Zn_мг_кг,date2,pca_10,10
RF,-0.4191,-0.9128,0.8085,23.5328,15.7381,0.8400,0.3500,60.0000,Zn_мг_кг,date1,raw_smooth,300
RF,-0.4784,-0.9008,0.7119,24.0195,16.1104,0.8200,0.3400,60.0000,Zn_мг_кг,date1,vip,86
GBR,-0.4818,-0.7252,0.5521,7.1165,4.8399,0.8200,1.1000,55.0000,Zn_мг_кг,date2,vip,101
RF,-0.4822,-0.7606,0.4159,7.1173,5.0693,0.8200,1.1000,55.0000,Zn_мг_кг,date2,hyper_idx,24
GBR,-0.4892,-0.7901,0.3176,7.1341,5.0746,0.8200,1.0900,55.0000,Zn_мг_кг,date2,raw_smooth,300
RF,-0.4951,-2.6488,4.1283,24.1542,16.5979,0.8200,0.3400,60.0000,Zn_мг_кг,date1,hyper_idx,24
XGBoost,-0.4976,-0.9084,0.5001,7.1542,5.0223,0.8200,1.0900,55.0000,Zn_мг_кг,date2,raw_smooth,300
XGBoost,-0.5163,-4.0361,7.1227,24.3247,16.5274,0.8100,0.3400,60.0000,Zn_мг_кг,date1,hyper_idx,24
RF,-0.5536,-1.6676,2.4589,24.6227,17.0733,0.8000,0.3300,60.0000,Zn_мг_кг,date1,cars_spa,6
ElasticNet,-0.6417,-2.6654,3.7264,25.3105,17.0665,0.7800,0.3200,60.0000,Zn_мг_кг,date1,deriv1_snv,300
GBR,-0.6997,-2.5938,3.4408,25.7541,17.2053,0.7700,0.3200,60.0000,Zn_мг_кг,date1,hyper_idx,24
XGBoost,-0.7717,-5.9619,10.3363,26.2938,16.1740,0.7500,0.3100,60.0000,Zn_мг_кг,date1,deriv1_snv,300
GBR,-0.7957,-1.2180,0.7410,7.8340,5.3386,0.7500,1.0000,55.0000,Zn_мг_кг,date2,hyper_idx,24
GBR,-0.8363,-1.7385,1.7269,7.9221,5.6678,0.7400,0.9800,55.0000,Zn_мг_кг,date2,deriv1_snv,300
GBR,-0.9425,-1.5877,0.8341,27.5325,17.8096,0.7200,0.3000,60.0000,Zn_мг_кг,date1,vip,86
GBR,-0.9854,-2.5774,3.4541,27.8347,19.1605,0.7100,0.2900,60.0000,Zn_мг_кг,date1,cars_spa,6
GBR,-1.1481,-2.7128,2.4924,28.9527,18.9063,0.6800,0.2800,60.0000,Zn_мг_кг,date1,raw_smooth,300
XGBoost,-1.2026,-2.1610,1.3311,8.6763,5.9280,0.6700,0.9000,55.0000,Zn_мг_кг,date2,hyper_idx,24
PLSR,-1.2187,-5.3419,7.6727,29.4248,22.1210,0.6700,0.2800,60.0000,Zn_мг_кг,date1,vip,86
XGBoost,-1.4058,-2.7154,1.8520,30.6400,19.9399,0.6400,0.2700,60.0000,Zn_мг_кг,date1,vip,86
XGBoost,-1.4088,-3.1457,4.7735,9.0733,6.2866,0.6400,0.8600,55.0000,Zn_мг_кг,date2,deriv1_snv,300
PLSR,-1.5371,-5.4571,6.7655,31.4653,17.7692,0.6300,0.2600,60.0000,Zn_мг_кг,date1,pca_10,10
XGBoost,-1.7831,-4.3839,3.9926,32.9552,21.8412,0.6000,0.2500,60.0000,Zn_мг_кг,date1,raw_smooth,300
XGBoost,-1.8565,-5.5450,7.4780,33.3870,23.3313,0.5900,0.2400,60.0000,Zn_мг_кг,date1,cars_spa,6
PLSR,-5.2390,-15.8823,16.8929,49.3421,32.4556,0.4000,0.1700,60.0000,Zn_мг_кг,date1,deriv1_snv,300
PLSR,-5.4389,-18.3055,20.2901,50.1265,29.9222,0.3900,0.1600,60.0000,Zn_мг_кг,date1,raw_smooth,300
PLSR,-5.7022,-12.5493,21.0636,15.1348,7.9133,0.3900,0.5200,55.0000,Zn_мг_кг,date2,hyper_idx,24
PLSR,-22.2636,-49.9339,97.1060,28.1971,10.6704,0.2100,0.2800,55.0000,Zn_мг_кг,date2,vip,101
ElasticNet,-53.7247,-119.8848,238.6771,146.1343,32.0163,0.1400,0.0600,60.0000,Zn_мг_кг,date1,hyper_idx,24
PLSR,-64.7929,-144.5565,280.9652,47.4194,14.1402,0.1200,0.1600,55.0000,Zn_мг_кг,date2,deriv1_snv,300
PLSR,-284.5070,-639.9200,1277.6465,98.7814,19.8567,0.0600,0.0800,55.0000,Zn_мг_кг,date2,raw_smooth,300
PLSR,-2454.1707,-5518.2839,11021.0294,289.6726,49.0697,0.0200,0.0300,55.0000,Zn_мг_кг,date2,pca_10,10
PLSR,-2498.8814,-5564.0821,11121.8484,987.6887,145.4184,0.0200,0.0100,60.0000,Zn_мг_кг,date1,hyper_idx,24
ElasticNet,0.1797,0.1177,0.1199,2289.7923,1612.7439,1.1000,1.1700,60.0000,Нитраты_мг_кг,date1,cars_spa,18
RF,0.1771,0.1584,0.1620,2293.4288,1647.7966,1.1000,1.1600,60.0000,Нитраты_мг_кг,date1,hyper_idx,24
ElasticNet,0.1542,0.0886,0.1545,2325.2153,1663.3014,1.0900,1.1500,60.0000,Нитраты_мг_кг,date1,vip,66
ElasticNet,0.1225,0.0380,0.2137,2368.2810,1747.6985,1.0700,1.1300,60.0000,Нитраты_мг_кг,date1,pca_10,10
GBR,0.0789,-0.0394,0.3536,2426.4832,1831.4199,1.0400,1.1000,60.0000,Нитраты_мг_кг,date1,hyper_idx,24
RF,0.0550,-0.0114,0.1523,2457.7925,1732.2744,1.0300,1.0900,60.0000,Нитраты_мг_кг,date1,vip,66
PLSR,0.0543,-0.0780,0.3271,2458.6101,1821.4924,1.0300,1.0900,60.0000,Нитраты_мг_кг,date1,pca_10,10
RF,0.0539,-0.0378,0.1294,2459.1603,1787.3274,1.0300,1.0900,60.0000,Нитраты_мг_кг,date1,pca_10,10
GBR,0.0478,-0.0797,0.2337,2467.0886,1734.6612,1.0200,1.0800,60.0000,Нитраты_мг_кг,date1,pca_10,10
RF,0.0373,-0.0529,0.1863,2480.6388,1841.5393,1.0200,1.0800,60.0000,Нитраты_мг_кг,date1,raw_smooth,300
RF,0.0284,-0.0876,0.1942,2492.0976,1859.3421,1.0100,1.0700,60.0000,Нитраты_мг_кг,date1,cars_spa,18
XGBoost,0.0099,-0.1647,0.4238,2515.6761,1827.1010,1.0000,1.0600,60.0000,Нитраты_мг_кг,date1,hyper_idx,24
ElasticNet,0.0003,-0.1059,0.2795,2527.8955,1856.4408,1.0000,1.0600,60.0000,Нитраты_мг_кг,date1,raw_smooth,300
XGBoost,-0.0646,-0.1854,0.2162,2608.6864,1983.8683,0.9700,1.0200,60.0000,Нитраты_мг_кг,date1,vip,66
XGBoost,-0.1045,-0.2383,0.3351,2657.0146,2001.2072,0.9500,1.0000,60.0000,Нитраты_мг_кг,date1,pca_10,10
GBR,-0.1077,-0.1898,0.2107,2660.9614,1964.3390,0.9500,1.0000,60.0000,Нитраты_мг_кг,date1,vip,66
SVR,-0.1301,-0.2329,0.3008,2687.7332,1897.5477,0.9400,0.9900,60.0000,Нитраты_мг_кг,date1,vip,66
SVR,-0.1302,-0.2329,0.3006,2687.7992,1897.6876,0.9400,0.9900,60.0000,Нитраты_мг_кг,date1,raw_smooth,300
SVR,-0.1302,-0.2329,0.3007,2687.7908,1897.7517,0.9400,0.9900,60.0000,Нитраты_мг_кг,date1,cars_spa,18
SVR,-0.1305,-0.2331,0.3005,2688.1213,1897.4625,0.9400,0.9900,60.0000,Нитраты_мг_кг,date1,hyper_idx,24
SVR,-0.1308,-0.2335,0.3007,2688.5113,1897.9483,0.9400,0.9900,60.0000,Нитраты_мг_кг,date1,pca_10,10
SVR,-0.1311,-0.2338,0.3006,2688.8697,1898.1429,0.9400,0.9900,60.0000,Нитраты_мг_кг,date1,deriv1_snv,300
SVR,-0.1322,-0.1944,0.1427,3362.2229,1809.6439,0.9400,0.5100,55.0000,Нитраты_мг_кг,date2,pca_10,10
SVR,-0.1322,-0.1944,0.1426,3362.2531,1809.5817,0.9400,0.5100,55.0000,Нитраты_мг_кг,date2,cars_spa,17
SVR,-0.1322,-0.1944,0.1426,3362.2312,1809.5897,0.9400,0.5100,55.0000,Нитраты_мг_кг,date2,vip,113
SVR,-0.1322,-0.1941,0.1429,3362.1656,1809.1429,0.9400,0.5100,55.0000,Нитраты_мг_кг,date2,hyper_idx,24
SVR,-0.1323,-0.1944,0.1427,3362.2686,1809.5912,0.9400,0.5100,55.0000,Нитраты_мг_кг,date2,raw_smooth,300
SVR,-0.1325,-0.1944,0.1429,3362.5852,1809.7207,0.9400,0.5100,55.0000,Нитраты_мг_кг,date2,deriv1_snv,300
RF,-0.1371,-0.2528,0.2489,2696.0349,2155.2007,0.9400,0.9900,60.0000,Нитраты_мг_кг,date1,deriv1_snv,300
GBR,-0.1447,-0.3182,0.3396,2704.9947,1993.1620,0.9300,0.9900,60.0000,Нитраты_мг_кг,date1,raw_smooth,300
GBR,-0.1642,-0.3633,0.4051,2727.9369,1982.2257,0.9300,0.9800,60.0000,Нитраты_мг_кг,date1,cars_spa,18
XGBoost,-0.1882,-0.3679,0.6610,2755.8453,1947.1422,0.9200,0.9700,60.0000,Нитраты_мг_кг,date1,cars_spa,18
ElasticNet,-0.2035,-0.9507,0.7057,3466.4942,2295.3863,0.9100,0.5000,55.0000,Нитраты_мг_кг,date2,vip,113
RF,-0.2047,-1.1418,1.0589,3468.1210,2472.2172,0.9100,0.5000,55.0000,Нитраты_мг_кг,date2,pca_10,10
RF,-0.2293,-1.0548,1.0804,3503.3934,2173.3426,0.9000,0.4900,55.0000,Нитраты_мг_кг,date2,raw_smooth,300
XGBoost,-0.2353,-0.9019,0.7013,3511.8835,2143.9727,0.9000,0.4900,55.0000,Нитраты_мг_кг,date2,cars_spa,17
ElasticNet,-0.2484,-0.9933,0.7949,3530.5792,2247.2076,0.8900,0.4900,55.0000,Нитраты_мг_кг,date2,cars_spa,17
RF,-0.2490,-0.9588,0.8150,3531.3168,2238.0418,0.8900,0.4900,55.0000,Нитраты_мг_кг,date2,vip,113
ElasticNet,-0.2516,-1.1425,0.9674,3535.0456,2368.6716,0.8900,0.4900,55.0000,Нитраты_мг_кг,date2,pca_10,10
RF,-0.2980,-1.1361,0.7735,3599.9530,2256.5561,0.8800,0.4800,55.0000,Нитраты_мг_кг,date2,cars_spa,17
GBR,-0.3189,-0.9546,0.6909,3628.8338,2227.9238,0.8700,0.4800,55.0000,Нитраты_мг_кг,date2,raw_smooth,300
XGBoost,-0.3253,-1.2710,1.2033,3637.5608,2273.3655,0.8700,0.4700,55.0000,Нитраты_мг_кг,date2,raw_smooth,300
ElasticNet,-0.3302,-1.2999,1.0804,3644.3664,2390.0127,0.8700,0.4700,55.0000,Нитраты_мг_кг,date2,raw_smooth,300
RF,-0.3454,-1.9406,1.8829,3665.1607,2514.2044,0.8600,0.4700,55.0000,Нитраты_мг_кг,date2,hyper_idx,24
XGBoost,-0.3463,-0.6493,0.7393,2933.5427,2099.8175,0.8600,0.9100,60.0000,Нитраты_мг_кг,date1,raw_smooth,300
ElasticNet,-0.4007,-1.5052,1.0735,3739.7219,2472.1229,0.8400,0.4600,55.0000,Нитраты_мг_кг,date2,hyper_idx,24
GBR,-0.4476,-1.2067,0.6802,3801.8180,2374.1990,0.8300,0.4500,55.0000,Нитраты_мг_кг,date2,vip,113
XGBoost,-0.4484,-1.1220,0.6273,3802.8393,2371.8018,0.8300,0.4500,55.0000,Нитраты_мг_кг,date2,vip,113
PLSR,-0.4684,-0.7719,0.9871,3063.7013,2294.1407,0.8300,0.8700,60.0000,Нитраты_мг_кг,date1,cars_spa,18
RF,-0.4856,-2.3964,2.1859,3851.3405,2654.1125,0.8200,0.4500,55.0000,Нитраты_мг_кг,date2,deriv1_snv,300
GBR,-0.5260,-2.2203,1.7042,3903.4098,2730.3603,0.8100,0.4400,55.0000,Нитраты_мг_кг,date2,pca_10,10
GBR,-0.5428,-0.6470,0.1852,3140.3147,2436.9178,0.8100,0.8500,60.0000,Нитраты_мг_кг,date1,deriv1_snv,300
GBR,-0.5490,-1.8434,1.4648,3932.6423,2443.6134,0.8000,0.4400,55.0000,Нитраты_мг_кг,date2,cars_spa,17
PLSR,-0.5888,-0.8805,0.5821,3186.8022,2368.2312,0.7900,0.8400,60.0000,Нитраты_мг_кг,date1,vip,66
GBR,-0.6844,-3.6226,4.2027,4100.9568,2782.0186,0.7700,0.4200,55.0000,Нитраты_мг_кг,date2,hyper_idx,24
XGBoost,-0.7645,-0.9094,0.4955,3358.3530,2647.3891,0.7500,0.7900,60.0000,Нитраты_мг_кг,date1,deriv1_snv,300
XGBoost,-0.8303,-2.8518,2.6129,4274.8011,2706.7290,0.7400,0.4000,55.0000,Нитраты_мг_кг,date2,hyper_idx,24
GBR,-0.8352,-2.7933,2.3760,4280.5276,2848.7553,0.7400,0.4000,55.0000,Нитраты_мг_кг,date2,deriv1_snv,300
XGBoost,-1.0767,-3.4261,3.2215,4553.4960,3079.7468,0.6900,0.3800,55.0000,Нитраты_мг_кг,date2,deriv1_snv,300
ElasticNet,-1.1215,-1.3316,0.7705,3682.4911,2928.0381,0.6900,0.7200,60.0000,Нитраты_мг_кг,date1,deriv1_snv,300
XGBoost,-1.2153,-3.2422,3.5060,4703.0402,3036.7164,0.6700,0.3700,55.0000,Нитраты_мг_кг,date2,pca_10,10
PLSR,-2.7788,-3.4835,2.8681,4914.6767,3472.5719,0.5100,0.5400,60.0000,Нитраты_мг_кг,date1,raw_smooth,300
PLSR,-3.1866,-3.7118,1.2259,5173.0700,4126.1080,0.4900,0.5200,60.0000,Нитраты_мг_кг,date1,deriv1_snv,300
ElasticNet,-4.3056,-11.9926,20.0848,7278.2556,3468.1230,0.4300,0.2400,55.0000,Нитраты_мг_кг,date2,deriv1_snv,300
PLSR,-7.0992,-26.0146,27.3914,8992.5427,4356.9714,0.3500,0.1900,55.0000,Нитраты_мг_кг,date2,hyper_idx,24
PLSR,-27.2912,-74.4215,131.5547,16806.8452,6035.0416,0.1900,0.1000,55.0000,Нитраты_мг_кг,date2,deriv1_snv,300
PLSR,-39.5785,-118.5552,171.3175,20128.3751,7131.8262,0.1600,0.0900,55.0000,Нитраты_мг_кг,date2,vip,113
ElasticNet,-136.9256,-184.2819,368.9368,29692.1143,5404.1618,0.0900,0.0900,60.0000,Нитраты_мг_кг,date1,hyper_idx,24
PLSR,-154.5853,-417.5592,758.8490,39413.4949,10098.3624,0.0800,0.0400,55.0000,Нитраты_мг_кг,date2,raw_smooth,300
PLSR,-210.6487,-547.9009,1090.3629,45969.3598,10265.0967,0.0700,0.0400,55.0000,Нитраты_мг_кг,date2,cars_spa,17
PLSR,-1310.8284,-1763.5457,3524.9011,91570.8252,14059.6219,0.0300,0.0300,60.0000,Нитраты_мг_кг,date1,hyper_idx,24
PLSR,-1340.6599,-3547.2255,6781.5497,115739.5853,21663.4909,0.0300,0.0100,55.0000,Нитраты_мг_кг,date2,pca_10,10
